timestamp,strategy_id,pair,signal_direction,entry_price,sl_price,tp1_price,tp2_price,tp3_price,lot_size,confluence_score,session,spread_at_entry,atr_at_entry,adx_at_entry,rsi_at_entry,ema_50_value,ema_200_value,vwap_deviation,news_within_60min,macd_hist_at_entry,stoch_k_at_entry,distance_from_ema50_pips,candle_body_ratio,hour_of_day,day_of_week,entry_pattern,exit_price,exit_reason,exit_time,pnl_pips,pnl_dollars,hold_time_minutes,win,dow,rsi_bin,adx_bin,ema_dist_abs,dist_bin,br_bin,year
2021-01-21 07:00:00+00:00,9,GBP_AUD,LONG,1.76562,1.7595353998812198,1.77033,1.77534,1.77534,164349.34,5,ASIAN,2.0,0.0023449943298326824,40.60738668364845,54.71283874198519,1.7646314850323348,1.762674756339636,3.14406856070093,False,0.0003998219317052601,83.20047093306697,6.8851496766519915,0.45454545454547657,7,3,london_breakout_long,1.76562,TP1+SL,2021-01-21 10:00:00+00:00,23.549999999999958,387.04269569999934,180,True,Thursday,50-60,40+,6.8851496766519915,0-20,0.3-0.5,2021
2021-01-28 09:00:00+00:00,9,GBP_AUD,LONG,1.79457,1.787180967519482,1.80124,1.80815,1.80815,135859.52,5,LONDON,2.0,0.002890354921335216,62.31726416976188,71.63089869315311,1.7824774770502982,1.7726385270574154,1.2936813722408402,False,0.00030375888362081226,74.55744799918635,118.52522949701738,0.2705167173252442,9,3,london_breakout_long,1.787180967519482,SL,2021-01-28 16:00:00+00:00,-73.8903248051792,-1003.870406067574,420,False,Thursday,70+,40+,118.52522949701738,100+,<0.3,2021
2021-02-01 08:00:00+00:00,9,GBP_AUD,LONG,1.79946,1.79346,1.80341,1.8075999999999999,1.8075999999999999,165638.62,5,LONDON,2.0,0.002984572973378604,38.07767982267642,66.21586489552894,1.7909986281242591,1.7797520018139965,10.966666666665237,False,0.00017645880863012987,62.40078282631283,82.21371875740901,0.8520971302427928,8,0,london_breakout_long,1.79346,SL,2021-02-01 13:00:00+00:00,-60.00000000000005,-993.8317200000008,300,False,Monday,60-70,30-40,82.21371875740901,60-100,0.7+,2021
2021-02-03 09:00:00+00:00,9,GBP_AUD,SHORT,1.79011,1.795800158143565,1.7851700000000001,1.7799900000000002,1.7799900000000002,172911.43,4,LONDON,2.0,0.0023564873104669364,34.67279695700911,31.49911438969231,1.794556457887665,1.7856604665580293,-22.836225325499893,False,-0.0007017897649328013,27.23587372159746,-42.06457887664827,0.7010752688171588,9,2,london_breakout_short,1.7799900000000002,TP3,2021-02-04 08:00:00+00:00,75.3000058527066,1302.023169099987,1380,True,Wednesday,30-40,30-40,42.06457887664827,40-60,0.7+,2021
2021-02-05 08:00:00+00:00,9,GBP_AUD,SHORT,1.79725,1.8022,1.79367,1.7898500000000002,1.7898500000000002,201396.69,4,LONDON,2.0,0.002159755522589681,35.21778683206554,53.50497681002011,1.7946445758810627,1.7883483877169224,-6.866666666665022,False,-0.00041336484309550557,18.385605592602886,28.454241189372897,0.6556603773585227,8,4,london_breakout_short,1.7898500000000002,TP3,2021-02-05 17:00:00+00:00,54.900003674339274,1105.6679020999768,540,True,Friday,50-60,30-40,28.454241189372897,20-40,0.5-0.7,2021
2021-02-08 09:00:00+00:00,9,GBP_AUD,SHORT,1.78775,1.79031,1.78569,1.78339,1.78339,393738.4,5,LONDON,2.0,0.001806857390748989,52.602651198998544,36.592580471612756,1.7920297364866882,1.7889615762492126,-6.986082979019148,False,2.1715000643349365e-05,31.792587297175185,-40.39736486688206,0.19999999999994617,9,0,london_breakout_short,1.78339,TP3,2021-02-08 14:00:00+00:00,32.10000110733356,1263.9003075999744,300,True,Monday,30-40,40+,40.39736486688206,40-60,<0.3,2021
2021-02-10 09:00:00+00:00,9,GBP_AUD,LONG,1.79182,1.7868763602999511,1.7946,1.79762,1.79762,206448.97,5,LONDON,2.0,0.00211992331716098,29.56342638553696,69.19004736082438,1.7863203340935339,1.7874210910851274,28.613496695513163,False,0.0004124141310421386,67.41444136462671,52.59665906466093,0.8026819923371483,9,2,london_breakout_long,1.7868763602999511,SL,2021-02-10 13:00:00+00:00,-49.43639700048852,-1020.6093241261945,240,False,Wednesday,60-70,25-30,52.59665906466093,40-60,0.7+,2021
2021-02-12 08:00:00+00:00,9,GBP_AUD,LONG,1.78406,1.78018,1.7861299999999998,1.7884399999999996,1.7884399999999996,260413.2,4,LONDON,2.0,0.0016922590253407774,50.1257701584345,53.809627686896285,1.784442508754193,1.7866817658162848,3.666666666666263,False,0.0004212024096441572,79.72841461213801,-6.225087541931185,0.6703703703702848,8,4,london_breakout_long,1.7884399999999996,TP3,2021-02-12 14:00:00+00:00,32.250001681939395,839.832613799922,360,True,Friday,50-60,40+,6.225087541931185,0-20,0.5-0.7,2021
2021-02-18 08:00:00+00:00,9,GBP_AUD,LONG,1.7888,1.78502,1.79192,1.79528,1.79528,269524.22,4,LONDON,2.0,0.0020461232044195637,45.313944011238775,52.41128844393502,1.7884724177374725,1.787762647467156,-1.3333333333331865,False,8.205686997360168e-05,58.17388618017134,0.875822625274747,0.4477611940298664,8,3,london_breakout_long,1.79528,TP3,2021-02-18 13:00:00+00:00,48.00000240423688,1293.716320800007,300,True,Thursday,50-60,40+,0.875822625274747,0-20,0.3-0.5,2021
2021-02-19 09:00:00+00:00,9,GBP_AUD,SHORT,1.7865199999999999,1.7919101195831437,1.78169,1.77662,1.77662,191412.95,4,LONDON,2.0,0.0023750444165962495,44.74283530909754,24.843748540505473,1.7931409340255662,1.789607311915828,-26.572411033878307,False,-0.0014340186309046783,11.283470338748296,-63.80934025566276,0.5672333848531802,9,4,london_breakout_short,1.77662,TP3,2021-02-22 01:00:00+00:00,73.6500051720623,1409.7564757499704,3840,True,Friday,<30,40+,63.80934025566276,60-100,0.5-0.7,2021
2021-02-23 08:00:00+00:00,9,GBP_AUD,LONG,1.78001,1.7746380495198715,1.7837800000000001,1.7877900000000002,1.7877900000000002,194684.65,4,LONDON,2.0,0.002111867321190595,35.64226058980222,54.79871284825573,1.7806492664046651,1.7856248371029402,-5.066666666666553,False,0.0005350390324646256,65.6408163213584,-8.792664046650689,0.21875000000004577,8,1,london_breakout_long,1.7877900000000002,TP3,2021-02-24 01:00:00+00:00,57.750003996207035,1124.3039315500168,1020,True,Tuesday,50-60,30-40,8.792664046650689,0-20,<0.3,2021
2021-02-25 07:00:00+00:00,9,GBP_AUD,SHORT,1.77079,1.7775886838201986,1.76677,1.7624499999999999,1.7624499999999999,155482.94,5,ASIAN,2.0,0.0028102254189308834,32.380687935380344,32.955503371550066,1.7800007705005272,1.784030861165476,-97.3751234083009,False,-0.000214093864199961,27.1834520907537,-89.10770500527131,0.690090090090097,7,3,london_breakout_short,1.7775886838201986,SL,2021-02-25 15:00:00+00:00,-67.98683820198548,-1057.0793484949015,480,False,Thursday,30-40,30-40,89.10770500527131,60-100,0.5-0.7,2021
2021-02-26 07:00:00+00:00,9,GBP_AUD,SHORT,1.77777,1.78513,1.77111,1.7641499999999999,1.7641499999999999,142188.66,5,ASIAN,2.0,0.0036786405089234203,47.275852392542866,48.493834346475296,1.7788113430264612,1.7826100621573167,13.257512801518878,False,0.00020638744362714233,28.267931446694515,-7.413430264611165,0.5159944367176446,7,4,london_breakout_short,1.78513,SL,2021-02-26 09:00:00+00:00,-73.60000000000034,-1046.5085376000047,120,False,Friday,40-50,40+,7.413430264611165,0-20,0.5-0.7,2021
2021-03-01 08:00:00+00:00,9,GBP_AUD,SHORT,1.8,1.80604,1.79512,1.79,1.79,171530.37,4,LONDON,2.0,0.0038189291964171534,25.189406157415508,53.54049308612539,1.7933188073271682,1.786678749019141,-3.9333333333302356,False,-0.0014171110026155002,24.934158271234462,69.21192672831866,0.20129870129865216,8,0,london_breakout_short,1.80604,SL,2021-03-01 11:00:00+00:00,-60.40000000000045,-1036.0434348000078,180,False,Monday,50-60,25-30,69.21192672831866,60-100,<0.3,2021
2021-03-09 08:00:00+00:00,9,GBP_AUD,SHORT,1.8034999999999999,1.81128,1.7975999999999999,1.7914599999999998,1.7914599999999998,131835.86,3,LONDON,2.0,0.00321783072455906,14.385991045986874,46.826649228917525,1.8029447942981662,1.7950580408196601,-12.066666666670223,False,-0.00043728016360747735,36.63189804204959,7.952057018336678,0.9149999999999984,8,1,london_breakout_short,1.80193,TIME,2021-03-11 00:00:00+00:00,15.699999999998491,206.9823001999801,2400,True,Tuesday,40-50,<20,7.952057018336678,0-20,0.7+,2021
2021-03-12 08:00:00+00:00,9,GBP_AUD,LONG,1.79972,1.79418,1.8046799999999998,1.8098799999999997,1.8098799999999997,185514.95,4,LONDON,2.0,0.002247067954190739,19.833463762091384,58.72696953478229,1.7983155628424807,1.797236795854762,5.1000000000001044,False,0.00048170170877069097,80.6655026035446,11.64437157519238,0.5454545454545542,8,4,london_breakout_long,1.79418,SL,2021-03-12 12:00:00+00:00,-55.39999999999878,-1027.7528229999775,240,False,Friday,50-60,<20,11.64437157519238,0-20,0.5-0.7,2021
2021-03-17 08:00:00+00:00,9,GBP_AUD,LONG,1.79941,1.79455,1.80273,1.80629,1.80629,209357.06,5,LONDON,2.0,0.001983406342870328,48.72348861036554,66.66773166034216,1.794616244530916,1.795688894970202,-5.933333333332236,False,0.0005930601560785298,82.32206729851,45.53755469083986,0.6839622641509859,8,2,london_breakout_long,1.79455,SL,2021-03-17 18:00:00+00:00,-48.599999999998644,-1017.4753115999716,600,False,Wednesday,60-70,40+,45.53755469083986,40-60,0.5-0.7,2021
2021-03-22 08:00:00+00:00,9,GBP_AUD,LONG,1.79527,1.78976,1.7996699999999999,1.8043099999999999,1.8043099999999999,182813.17,4,LONDON,2.0,0.0023772862322438398,30.601613876604546,59.75967774131867,1.792541741568069,1.7939362389887687,1.6666666666642627,False,0.0004478634116600548,85.74411793445405,24.88258431931012,0.4375000000000217,8,0,london_breakout_long,1.78976,SL,2021-03-22 12:00:00+00:00,-55.099999999999035,-1007.3005666999825,240,False,Monday,50-60,30-40,24.88258431931012,20-40,0.3-0.5,2021
2021-03-24 07:00:00+00:00,9,GBP_AUD,SHORT,1.80211,1.80727,1.79828,1.7941500000000001,1.7941500000000001,193261.15,4,ASIAN,2.0,0.0027506999220251807,32.694654224387875,55.05425999489405,1.7980881473611678,1.7950660768456936,29.072093351734107,False,-0.00015882579006825347,44.80042969682569,43.21852638832224,0.6090909090909182,7,2,london_breakout_short,1.80211,TP1+SL,2021-03-24 10:00:00+00:00,19.15,370.09510224999997,180,True,Wednesday,50-60,30-40,43.21852638832224,40-60,0.5-0.7,2021
2021-03-29 08:00:00+00:00,9,GBP_AUD,LONG,1.81037,1.8045450652211596,1.81397,1.8178100000000001,1.8178100000000001,171835.14,5,LONDON,2.0,0.0025308329178549667,25.227143609066665,60.84091414020741,1.8060659811809812,1.8007020677866987,8.766666666666367,False,0.00028414350935108046,62.65958169224513,40.64018819018855,0.6979655712050049,8,0,london_breakout_long,1.8045450652211596,SL,2021-03-29 15:00:00+00:00,-58.249347788403846,-1000.9284832129067,420,False,Monday,60-70,25-30,40.64018819018855,40-60,0.5-0.7,2021
2021-03-31 08:00:00+00:00,9,GBP_AUD,LONG,1.8087900000000001,1.8038,1.81264,1.81673,1.81673,198581.0,5,LONDON,2.0,0.002183548196611104,21.11675877490665,60.74718150834859,1.8054346042785085,1.802310614395839,9.500000000002284,False,4.2274641874166254e-05,72.63826100478853,31.15395721491554,0.8160237388723894,8,2,london_breakout_long,1.81673,TP3,2021-04-01 00:00:00+00:00,58.95000399836716,1170.6350743999749,960,True,Wednesday,60-70,20-25,31.15395721491554,20-40,0.7+,2021
2021-04-07 08:00:00+00:00,9,GBP_AUD,LONG,1.81128,1.8049871594362532,1.8167,1.82236,1.82236,159327.98,4,LONDON,2.0,0.0025553407808202094,37.64748390992412,57.45021931610112,1.8105947899651818,1.8103225299572283,9.666666666665602,False,0.000891971323137921,70.94286557731546,4.452100348182331,0.7790697674418574,8,2,london_breakout_long,1.8049871594362532,SL,2021-04-07 13:00:00+00:00,-62.92840563746793,-1002.6255754838379,300,False,Wednesday,50-60,30-40,4.452100348182331,0-20,0.7+,2021
2021-04-08 08:00:00+00:00,9,GBP_AUD,SHORT,1.79884,1.8048366723860572,1.79346,1.78784,1.78784,165525.02,5,LONDON,2.0,0.002418192600535498,38.30994762561863,32.741922132438546,1.8067494111354658,1.8091279894021266,-11.133333333332995,False,-0.00031136092255199845,20.927403108569425,-76.69411135465819,0.8494897959183498,8,3,london_breakout_short,1.79884,TP1+SL,2021-04-09 04:00:00+00:00,26.8999999999997,445.26230379999504,1200,True,Thursday,30-40,30-40,76.69411135465819,60-100,0.7+,2021
2021-04-12 07:00:00+00:00,9,GBP_AUD,LONG,1.80334,1.79822,1.80653,1.81002,1.81002,194736.7,3,ASIAN,2.0,0.0020565887800940152,18.814496835970093,64.5974505492901,1.800206767840265,1.8051866076130045,31.360722500559657,False,0.0003875598985609732,78.90277397711684,28.332321597350774,0.5921985815602957,7,0,london_breakout_long,1.80334,TP1+SL,2021-04-13 11:00:00+00:00,15.950000000000129,310.60503650000254,1680,True,Monday,60-70,<20,28.332321597350774,20-40,0.5-0.7,2021
2021-04-19 07:00:00+00:00,9,GBP_AUD,SHORT,1.78619,1.7919703388094985,1.78276,1.77903,1.77903,173027.57,5,ASIAN,2.0,0.002277697272099462,38.355101576800244,48.947296083240964,1.7858867521207853,1.7935211811297807,11.766413374427742,False,-0.0003888875601937938,30.64741728805505,6.03247879214619,0.941002949852514,7,0,london_breakout_short,1.7919703388094985,SL,2021-04-19 11:00:00+00:00,-57.80338809498575,-1000.1579779842315,240,False,Monday,40-50,30-40,6.03247879214619,0-20,0.7+,2021
2021-04-27 07:00:00+00:00,9,GBP_AUD,LONG,1.7842,1.78086,1.78653,1.7891599999999999,1.7891599999999999,296454.01,4,ASIAN,2.0,0.0020212708151835404,30.56509028127067,50.71757405364779,1.7861390930690124,1.7921676756979743,13.079057273566175,False,0.0005364172587401695,57.811959903213996,-22.390930690123767,0.4653846153845615,7,1,london_breakout_long,1.7891599999999999,TP3,2021-04-27 14:00:00+00:00,36.45000167310841,1080.57491604997,420,True,Tuesday,50-60,30-40,22.390930690123767,20-40,0.3-0.5,2021
2021-04-30 07:00:00+00:00,9,GBP_AUD,SHORT,1.79098,1.79519,1.78752,1.78376,1.78376,237758.23,4,ASIAN,2.0,0.0020871502232277643,27.575104985165854,43.06230574301136,1.791988841298032,1.7918487076679914,-23.670420082835264,False,-0.00045217358783298286,19.17392428095729,-7.088412980320591,0.4725274725275355,7,4,london_breakout_short,1.79098,TP1+SL,2021-04-30 14:00:00+00:00,17.300000000000093,411.32173790000223,420,True,Friday,40-50,25-30,7.088412980320591,0-20,0.3-0.5,2021
2021-05-03 07:00:00+00:00,9,GBP_AUD,LONG,1.7923499999999999,1.78851,1.79486,1.7976699999999999,1.7976699999999999,261738.38,4,ASIAN,2.0,0.0020731435156733226,22.725285285647626,53.64142543292201,1.7912482234585692,1.791635266976196,8.939486115484563,False,0.00013196877212570853,66.75783746850016,8.017765414307654,0.7032967032967006,7,0,london_breakout_long,1.7923499999999999,TP1+SL,2021-05-03 17:00:00+00:00,12.55000000000006,328.4816669000016,600,True,Monday,50-60,20-25,8.017765414307654,0-20,0.7+,2021
2021-05-04 07:00:00+00:00,9,GBP_AUD,LONG,1.79615,1.7913482305662662,1.8003,1.80475,1.80475,209997.63,5,ASIAN,2.0,0.0019649429325296845,21.880608787046853,63.54902099485404,1.7923015426060922,1.7919211741428567,23.76603243778197,False,0.00023594942943651185,81.26609464625953,35.48457393907744,0.5780487804878018,7,1,london_breakout_long,1.79615,TP1+SL,2021-05-04 12:00:00+00:00,20.750000000000487,435.7450822500103,300,True,Tuesday,60-70,20-25,35.48457393907744,20-40,0.5-0.7,2021
2021-05-10 07:00:00+00:00,9,GBP_AUD,LONG,1.79256,1.7864149779091283,1.79736,1.8024600000000002,1.8024600000000002,164802.93,4,ASIAN,2.0,0.002436722490895166,35.15082162125341,67.01870485606841,1.7883583457982661,1.7915532920888055,63.67697699540153,False,0.0008498785126000031,64.86996076469369,39.01654201733828,0.8817204301075262,7,0,london_breakout_long,1.8024600000000002,TP3,2021-05-10 18:00:00+00:00,73.50000600717665,1211.3016345000312,660,True,Monday,60-70,30-40,39.01654201733828,20-40,0.7+,2021
2021-05-18 08:00:00+00:00,9,GBP_AUD,LONG,1.82189,1.81679,1.8261500000000002,1.8306500000000003,1.8306500000000003,200947.19,5,LONDON,2.0,0.002230218064382058,22.994680495021168,61.19728589569213,1.8178331400983283,1.8093293254374778,8.699999999999264,False,-2.7674330073825253e-05,69.59496442254931,38.168599016716875,0.5622895622895563,8,1,london_breakout_long,1.81679,SL,2021-05-18 21:00:00+00:00,-51.000000000001044,-1024.830669000021,780,False,Tuesday,60-70,20-25,38.168599016716875,20-40,0.5-0.7,2021
2021-05-19 07:00:00+00:00,9,GBP_AUD,LONG,1.8261399999999999,1.8205596797689865,1.82906,1.83228,1.83228,181814.36,4,ASIAN,2.0,0.0023041189429478235,14.715634188618868,68.6226815167154,1.820031804546512,1.8117919949184371,43.14004090673728,False,0.0003423361256838105,75.95762862533546,58.08195453487874,0.6395833333332954,7,2,london_breakout_long,1.8261399999999999,TP1+SL,2021-05-19 09:00:00+00:00,14.600000000000168,265.448965600003,120,True,Wednesday,60-70,<20,58.08195453487874,40-60,0.5-0.7,2021
2021-05-19 09:00:00+00:00,9,GBP_AUD,LONG,1.82939,1.8231136524538711,1.83237,1.83559,1.83559,162074.65,5,LONDON,2.0,0.0024949290885621393,24.822571436412172,75.26830657478973,1.8207088207290179,1.8121294044891225,10.558369502065013,False,0.000780473754710452,86.4348961480092,84.41179270982201,0.18079096045197635,9,2,london_breakout_long,1.8231136524538711,SL,2021-05-20 03:00:00+00:00,-62.76347546128936,-1017.236831817206,1080,False,Wednesday,70+,20-25,84.41179270982201,60-100,<0.3,2021
2021-06-01 08:00:00+00:00,9,GBP_AUD,SHORT,1.83229,1.838525093803861,1.8265399999999998,1.8205499999999997,1.8205499999999997,161515.53,4,LONDON,2.0,0.0024060348414341017,26.03024644845931,42.52178011677045,1.8348841863012262,1.8288511365068028,2.7666666666648077,False,-0.0002344404063652897,37.29292710612598,-23.54186301226191,0.2509960159362173,8,1,london_breakout_short,1.8289,TP1+TIME,2021-06-03 00:00:00+00:00,45.70000000000074,738.125972100012,2400,True,Tuesday,40-50,25-30,23.54186301226191,20-40,<0.3,2021
2021-06-04 08:00:00+00:00,9,GBP_AUD,LONG,1.84374,1.838600493158745,1.84784,1.85218,1.85218,197381.92,5,LONDON,2.0,0.002061959683894725,29.782916050966072,67.84052114370633,1.8365429347582283,1.8311936136166427,5.633333333332491,False,-0.0003224914008108609,64.45370370370267,69.57065241771643,0.6342182890855078,8,4,london_breakout_long,1.838600493158745,SL,2021-06-04 12:00:00+00:00,-51.395068412549705,-1014.4457281800413,240,False,Friday,60-70,25-30,69.57065241771643,60-100,0.5-0.7,2021
2021-06-08 07:00:00+00:00,9,GBP_AUD,SHORT,1.82537,1.82868,1.8233499999999998,1.8210299999999997,1.8210299999999997,303414.28,5,ASIAN,2.0,0.0014901189671020789,28.614462443236743,35.341937183499155,1.8292353237939787,1.8302394162604614,-7.5967001130594625,False,7.6854145773363e-05,29.941527850754408,-35.65323793978781,0.4344262295082221,7,1,london_breakout_short,1.82868,SL,2021-06-08 16:00:00+00:00,-33.10000000000146,-1004.3012668000445,540,False,Tuesday,30-40,25-30,35.65323793978781,20-40,0.3-0.5,2021
2021-06-11 07:00:00+00:00,9,GBP_AUD,SHORT,1.8236,1.8283839761496883,1.8200399999999999,1.8161799999999997,1.8161799999999997,207830.94,5,ASIAN,2.0,0.001934048284169923,33.934289946287954,38.297396056523596,1.8266781665140763,1.8283858476067445,-15.293908934952416,False,-0.0003115322472083087,14.639126826118831,-27.781665140762524,0.5359999999999702,7,4,london_breakout_short,1.8283839761496883,SL,2021-06-11 11:00:00+00:00,-47.839761496881735,-994.2582601272738,240,False,Friday,30-40,30-40,27.781665140762524,20-40,0.5-0.7,2021
2021-06-14 07:00:00+00:00,9,GBP_AUD,SHORT,1.82782,1.8326074273474473,1.82385,1.81958,1.81958,205604.3,3,ASIAN,2.0,0.0019031873004803938,18.413121989738862,42.43593004814039,1.829120936602739,1.828838048104303,-17.686487332926326,False,-0.00047886095676034674,16.848631237024584,-10.009366027390332,0.6676737160121136,7,0,london_breakout_short,1.8326074273474473,SL,2021-06-15 08:00:00+00:00,-47.874273474473036,-984.3156485727596,1500,False,Monday,40-50,<20,10.009366027390332,0-20,0.5-0.7,2021
2021-06-21 07:00:00+00:00,9,GBP_AUD,LONG,1.8450499999999999,1.8374122840023304,1.8517799999999998,1.8588099999999996,1.8588099999999996,127586.9,4,ASIAN,2.0,0.0029118659419915495,15.753067714546603,57.8983796504074,1.8413116133495093,1.8351556849340278,14.1226027456276,False,0.00012422869804866652,87.32960386750904,34.383866504905654,0.5210727969347912,7,0,london_breakout_long,1.8450499999999999,TP1+SL,2021-06-22 21:00:00+00:00,33.649999999999515,429.32991849999377,2280,True,Monday,50-60,<20,34.383866504905654,20-40,0.5-0.7,2021
2021-06-23 07:00:00+00:00,9,GBP_AUD,LONG,1.85094,1.8457691371083114,1.8548,1.85896,1.85896,189284.81,5,ASIAN,2.0,0.0020584633597700657,36.37160560956106,62.77277624308608,1.8469391822884034,1.8400455883013338,20.860007103415956,False,0.00029761996565495633,85.09210683161365,37.00817711596693,0.5214899713467502,7,2,london_breakout_long,1.8457691371083114,SL,2021-06-23 08:00:00+00:00,-51.70862891688665,-978.7657999893396,60,False,Wednesday,60-70,30-40,37.00817711596693,20-40,0.5-0.7,2021
2021-06-25 07:00:00+00:00,9,GBP_AUD,SHORT,1.82976,1.8346710412258052,1.82693,1.8237999999999999,1.8237999999999999,197306.05,5,ASIAN,2.0,0.001949101026727642,51.95419906674317,24.032860530834213,1.8389415007607979,1.8396956941602491,-64.59213065818537,False,-0.00015785964809514027,12.67107366788571,-88.81500760797856,0.9154078549849419,7,4,london_breakout_short,1.82976,TP1+SL,2021-06-25 13:00:00+00:00,14.15000000000055,279.18806075001083,360,True,Friday,<30,40+,88.81500760797856,60-100,0.7+,2021
2021-06-28 07:00:00+00:00,9,GBP_AUD,LONG,1.83493,1.8294099304731555,1.83872,1.8428099999999998,1.8428099999999998,176043.08,4,ASIAN,2.0,0.0021117401099707933,24.452666515309698,61.3901416710472,1.8336167477545038,1.8376678378800484,43.2620205478651,False,0.0007792152163160191,78.71624495562237,10.13252245496199,0.7479338842975302,7,0,london_breakout_long,1.83493,TP1+SL,2021-06-28 14:00:00+00:00,18.9499999999998,333.6016365999965,420,True,Monday,60-70,20-25,10.13252245496199,0-20,0.7+,2021
2021-06-29 08:00:00+00:00,9,GBP_AUD,LONG,1.83774,1.83295,1.8410499999999999,1.8445999999999998,1.8445999999999998,203571.2,4,LONDON,2.0,0.0018939404858485064,26.633229386607585,63.214068713960195,1.8345622594973743,1.837103427289203,1.7999999999984695,False,0.00017379520127532066,67.45539675867828,29.377405026256298,0.4784172661869889,8,1,london_breakout_long,1.8445999999999998,TP3,2021-06-30 08:00:00+00:00,50.8500033698273,1035.1596205999788,1440,True,Tuesday,60-70,25-30,29.377405026256298,20-40,0.3-0.5,2021
2021-06-30 08:00:00+00:00,9,GBP_AUD,LONG,1.84501,1.8400056039784114,1.84952,1.85427,1.85427,196918.4,5,LONDON,2.0,0.0022124899508757993,25.83642816784963,63.24718639193022,1.8388171101874438,1.8380063510496167,14.799999999999258,False,-0.00023413621986042308,44.04032463132836,59.52889812556261,0.7967741935483803,8,2,london_breakout_long,1.8400056039784114,SL,2021-06-30 14:00:00+00:00,-50.04396021588642,-985.4576575376008,360,False,Wednesday,60-70,25-30,59.52889812556261,40-60,0.7+,2021
2021-07-01 08:00:00+00:00,9,GBP_AUD,SHORT,1.84029,1.845793088631732,1.83698,1.8334300000000001,1.8334300000000001,177282.82,4,LONDON,2.0,0.0023684329203575907,20.139781704997734,40.742230110537506,1.842016513992832,1.8392922124330424,-16.03333333333179,False,-0.0003334554580130899,29.01799185049428,-14.865139928319504,0.5682210708117289,8,3,london_breakout_short,1.845793088631732,SL,2021-07-02 07:00:00+00:00,-55.0308863173199,-975.6030713433886,1380,False,Thursday,40-50,20-25,14.865139928319504,0-20,0.5-0.7,2021
2021-07-02 07:00:00+00:00,9,GBP_AUD,LONG,1.84653,1.84233,1.84889,1.8515499999999998,1.8515499999999998,229963.58,4,ASIAN,2.0,0.0019485015504015616,18.435215190340053,61.682546973923046,1.8427230832437118,1.8400454785528677,38.362322995380005,False,0.0002234190963717408,56.469857154625764,35.06916756288225,0.8000000000000337,7,4,london_breakout_long,1.84233,SL,2021-07-02 10:00:00+00:00,-41.99999999999981,-965.8470359999957,180,False,Friday,60-70,<20,35.06916756288225,20-40,0.7+,2021
2021-07-07 07:00:00+00:00,9,GBP_AUD,SHORT,1.83738,1.8431692119488707,1.83313,1.8285799999999999,1.8285799999999999,165167.31,4,ASIAN,2.0,0.002234564438152018,33.89374780102193,45.648819989427366,1.8385323677847059,1.8390520953634155,11.072065687054433,False,-0.0002984397384020309,11.33639780698816,-8.523677847058764,0.54379562043796,7,2,london_breakout_short,1.8431692119488707,SL,2021-07-07 16:00:00+00:00,-57.89211948870721,-956.1885646148345,540,False,Wednesday,40-50,30-40,8.523677847058764,0-20,0.5-0.7,2021
2021-07-09 07:00:00+00:00,9,GBP_AUD,SHORT,1.85162,1.8574481850128697,1.84684,1.84176,1.84176,162422.21,4,ASIAN,2.0,0.002329040147637288,25.23103903191265,46.547644347333176,1.8498324094073346,1.8431119899669848,-17.767854074508538,False,-0.0006636901002987834,16.717775232224785,20.875905926653893,0.759067357512984,7,4,london_breakout_short,1.8574481850128697,SL,2021-07-12 00:00:00+00:00,-58.281850128696355,-946.6266900791646,3900,False,Friday,40-50,25-30,20.875905926653893,20-40,0.7+,2021
2021-07-12 08:00:00+00:00,9,GBP_AUD,SHORT,1.85493,1.86093,1.84963,1.8440900000000002,1.8440900000000002,156193.4,4,LONDON,2.0,0.0023591259794753967,38.29131669831061,48.94898744206609,1.8533865090316446,1.84571335754744,-7.033333333335001,False,-3.908003146156527e-05,33.80681001867832,17.834909683553946,0.8480565371024921,8,0,london_breakout_short,1.85277,TIME,2021-07-14 00:00:00+00:00,21.599999999999397,337.37774399999057,2400,True,Monday,40-50,30-40,17.834909683553946,0-20,0.7+,2021
2021-07-14 07:00:00+00:00,9,GBP_AUD,LONG,1.85743,1.8514814588786639,1.8626399999999999,1.8681499999999998,1.8681499999999998,158111.74,5,ASIAN,2.0,0.002313029559353417,26.60943204274722,57.94477937607566,1.8542344354755937,1.8490362494661945,27.346188039325536,False,0.00023749478743314228,85.35529766483499,28.955645244062023,0.604651162790684,7,2,london_breakout_long,1.8514814588786639,SL,2021-07-14 18:00:00+00:00,-59.48541121336026,-940.5341871559901,660,False,Wednesday,50-60,25-30,28.955645244062023,20-40,0.5-0.7,2021
2021-07-15 07:00:00+00:00,9,GBP_AUD,SHORT,1.84962,1.85521,1.8453,1.8406799999999999,1.8406799999999999,166570.46,4,ASIAN,2.0,0.00236809991548593,23.793742510098305,38.42996299967858,1.8539063318091504,1.850109039238745,-54.17393410664495,False,-8.824258692088514e-05,39.92940285641818,-39.863318091504226,0.9244851258581367,7,3,london_breakout_short,1.85521,SL,2021-07-15 10:00:00+00:00,-55.89999999999983,-931.1288713999973,180,False,Thursday,30-40,20-25,39.863318091504226,20-40,0.7+,2021
2021-07-19 09:00:00+00:00,9,GBP_AUD,LONG,1.86592,1.86188,1.86893,1.87218,1.87218,228172.66,4,LONDON,2.0,0.002528459856644097,11.657119844278956,64.42026704062269,1.8606358188820304,1.8545215179959136,17.525891802809834,False,0.0002487415728500633,73.29773564650385,50.44181117969559,0.7083333333333494,9,0,london_breakout_long,1.86188,SL,2021-07-19 13:00:00+00:00,-40.40000000000044,-921.81754640001,240,False,Monday,60-70,<20,50.44181117969559,40-60,0.7+,2021
2021-07-22 08:00:00+00:00,9,GBP_AUD,SHORT,1.86174,1.86581,1.85833,1.85468,1.85468,224225.89,3,LONDON,2.0,0.0022284441330543124,16.73792971736205,45.08357404191905,1.8627639079661693,1.8586332590335914,-9.166666666666767,False,-0.00018156576418504116,54.751172891755566,-7.839079661693393,0.5349301397205427,8,3,london_breakout_short,1.86581,SL,2021-07-22 12:00:00+00:00,-40.70000000000018,-912.5993723000041,240,False,Thursday,40-50,<20,7.839079661693393,0-20,0.5-0.7,2021
2021-07-23 08:00:00+00:00,9,GBP_AUD,SHORT,1.8626099999999999,1.86885,1.85756,1.8522700000000003,1.8522700000000003,144787.4,4,LONDON,2.0,0.0026384393755732424,28.727172441735675,43.626034868634356,1.8643256352713966,1.8600477953265058,-6.133333333331326,False,-0.00023041877309082186,23.226351207548092,-14.756352713967136,0.7281879194630932,8,4,london_breakout_short,1.86885,SL,2021-07-26 00:00:00+00:00,-62.400000000000226,-903.4733760000033,3840,False,Friday,40-50,25-30,14.756352713967136,0-20,0.7+,2021
2021-07-27 07:00:00+00:00,9,GBP_AUD,LONG,1.87703,1.8721765648055195,1.8810600000000002,1.8853900000000003,1.8853900000000003,184289.81,5,ASIAN,2.0,0.001977704500807042,37.29610777716027,71.43354598532235,1.8707023612467681,1.8640692296508594,33.267796307239195,False,0.0002570915620655179,77.74115697744338,60.27638753231867,0.359102244389068,7,1,london_breakout_long,1.8853900000000003,TP3,2021-07-27 15:00:00+00:00,61.95000453633613,1141.6754565500523,480,True,Tuesday,70+,30-40,60.27638753231867,60-100,0.3-0.5,2021
2021-07-28 07:00:00+00:00,9,GBP_AUD,LONG,1.88815,1.88295,1.89209,1.89633,1.89633,174202.96,5,ASIAN,2.0,0.0024230963708188093,37.184563529217684,70.96334401976765,1.878529856497475,1.8680404481257131,64.53845837624871,False,-0.00015744221916562818,58.311887274497316,93.20143502524968,0.3744292237443265,7,2,london_breakout_long,1.88815,TP1+SL,2021-07-28 18:00:00+00:00,19.700000000000273,343.17983120000474,660,True,Wednesday,70+,30-40,93.20143502524968,60-100,0.3-0.5,2021
2021-08-04 07:00:00+00:00,9,GBP_AUD,SHORT,1.87764,1.8824989365982656,1.87439,1.87084,1.87084,187137.08,4,ASIAN,2.0,0.0019947478793558232,27.133985817825533,35.58802212841826,1.8836354916058713,1.8808202842512993,-47.31470089710088,False,3.480150670975759e-05,50.04343819928698,-56.9549160587135,0.9241706161137715,7,2,london_breakout_short,1.8824989365982656,SL,2021-08-04 14:00:00+00:00,-48.58936598265639,-909.2872069045648,420,False,Wednesday,30-40,25-30,56.9549160587135,40-60,0.7+,2021
2021-08-13 08:00:00+00:00,9,GBP_AUD,SHORT,1.87951,1.88265,1.87732,1.8748900000000002,1.8748900000000002,286686.1,5,LONDON,2.0,0.001632875883829265,21.8943617760976,37.84879787364275,1.8823090390868427,1.8829510475273306,-1.5333333333322763,False,-0.0001279355739160858,40.59587621400922,-25.590390868426294,0.5506329113923107,8,4,london_breakout_short,1.88265,SL,2021-08-13 13:00:00+00:00,-31.399999999999206,-900.1943539999771,300,False,Friday,30-40,20-25,25.590390868426294,20-40,0.5-0.7,2021
2021-08-23 08:00:00+00:00,9,GBP_AUD,SHORT,1.90383,1.90858,1.8998,1.89553,1.89553,187619.45,4,LONDON,2.0,0.0022753023127370185,49.857087618028636,36.61308785072156,1.9066024378841644,1.8967771739030899,-8.500000000002395,False,-0.000352113996221412,36.33342585738942,-25.324378841644624,0.5830815709969884,8,0,london_breakout_short,1.89553,TP3,2021-08-24 08:00:00+00:00,61.65000442384814,1156.6739922499955,1440,True,Monday,30-40,40+,25.324378841644624,20-40,0.5-0.7,2021
2021-08-25 09:00:00+00:00,9,GBP_AUD,SHORT,1.8904,1.89499,1.8864100000000001,1.8821800000000002,1.8821800000000002,196679.55,5,LONDON,2.0,0.0018822795993280372,29.265969409135717,34.62441023600189,1.8966154367439982,1.8967356223638439,-11.636863542567877,False,0.0002457462517636991,11.491535391607576,-59.754367439981415,0.44081632653058855,9,2,london_breakout_short,1.89499,SL,2021-08-26 02:00:00+00:00,-45.89999999999872,-902.7591344999747,1020,False,Wednesday,30-40,25-30,59.754367439981415,40-60,0.3-0.5,2021
2021-09-08 07:00:00+00:00,9,GBP_AUD,LONG,1.8693899999999999,1.8641241584910266,1.87401,1.87893,1.87893,169722.45,4,ASIAN,2.0,0.0020087411319043543,21.452702249141293,66.11430062423959,1.8641338540046741,1.8715890500508963,38.31432067294305,False,0.00018266305138494568,84.16372178391289,49.56145995325789,0.7913043478260685,7,2,london_breakout_long,1.87893,TP3,2021-09-09 17:00:00+00:00,70.80000562094258,1201.6350414000146,2040,True,Wednesday,60-70,20-25,49.56145995325789,40-60,0.7+,2021
2021-09-13 07:00:00+00:00,9,GBP_AUD,SHORT,1.8771900000000001,1.8833050167583811,1.87216,1.86683,1.86683,148118.63,4,ASIAN,2.0,0.0023598633673986864,28.741557809896246,46.77677331882773,1.876598561944951,1.8735151765240061,-3.569556286804332,False,-0.0002816539468112518,27.14149842211169,8.914380550490986,0.35714285714282884,7,0,london_breakout_short,1.8833050167583811,SL,2021-09-14 03:00:00+00:00,-61.15016758380998,-905.7479046784345,1200,False,Monday,40-50,25-30,8.914380550490986,0-20,0.3-0.5,2021
2021-09-23 07:00:00+00:00,9,GBP_AUD,SHORT,1.87996,1.8861846763772794,1.87491,1.86956,1.86956,144054.14,5,ASIAN,2.0,0.002358451225846621,32.356147428964725,42.554598637272285,1.8832820423017285,1.8836261426824608,-5.575882119510656,False,7.065965417397182e-05,16.98073651975415,-30.220423017284226,0.4389140271493181,7,3,london_breakout_short,1.8861846763772794,SL,2021-09-24 09:00:00+00:00,-62.24676377279303,-896.6904023072857,1560,False,Thursday,40-50,30-40,30.220423017284226,20-40,0.3-0.5,2021
2021-09-27 08:00:00+00:00,9,GBP_AUD,LONG,1.8868800000000001,1.8804550866247827,1.8927500000000002,1.8988600000000002,1.8988600000000002,138168.95,5,LONDON,2.0,0.0025801106822235876,44.271893798313954,62.06939928724578,1.881858256685367,1.8828506352464505,10.333333333334416,False,0.0004348787477519013,98.1979118367359,47.81743314633102,0.8106060606061077,8,0,london_breakout_long,1.8804550866247827,SL,2021-09-27 16:00:00+00:00,-64.24913375217444,-887.7235348947504,480,False,Monday,60-70,40+,47.81743314633102,40-60,0.7+,2021
2021-09-29 07:00:00+00:00,9,GBP_AUD,SHORT,1.86456,1.8708105693713322,1.85965,1.85444,1.85444,140602.6,5,ASIAN,2.0,0.0023987829093519556,45.76688862945024,27.629059969695163,1.8743498494594473,1.8799887780106463,-63.08864432481131,False,-3.988290668244937e-05,11.203317136489341,-94.89849459447308,0.7916666666667298,7,2,london_breakout_short,1.8708105693713322,SL,2021-09-29 20:00:00+00:00,-62.505693713321705,-878.8463050896687,780,False,Wednesday,<30,40+,94.89849459447308,60-100,0.7+,2021
2021-10-04 08:00:00+00:00,9,GBP_AUD,LONG,1.86698,1.86221,1.87121,1.87568,1.87568,182402.06,4,LONDON,2.0,0.0024067721634615253,30.855910929378332,56.12987415394099,1.8658215939787324,1.8726635258443607,-1.1333333333318762,False,0.00022576067276034833,82.185230363086,9.184060212676926,0.044642857142851836,8,0,london_breakout_long,1.87568,TP3,2021-10-05 11:00:00+00:00,64.6500047696824,1179.2294048999895,1620,True,Monday,50-60,30-40,9.184060212676926,0-20,<0.3,2021
2021-10-07 07:00:00+00:00,9,GBP_AUD,SHORT,1.8616000000000001,1.8668917827123885,1.8580500000000002,1.8542000000000003,1.8542000000000003,166645.19,5,ASIAN,2.0,0.0020740907217442787,61.74058110061546,29.642469270715324,1.8683803943095096,1.8709039296359729,-76.32226711262956,False,-0.0003786237460614789,37.87994675496943,-64.80394309509529,0.7402597402596944,7,3,london_breakout_short,1.8668917827123885,SL,2021-10-07 09:00:00+00:00,-52.917827123883924,-881.8501355446791,120,False,Thursday,<30,40+,64.80394309509529,60-100,0.7+,2021
2021-10-11 08:00:00+00:00,9,GBP_AUD,SHORT,1.85806,1.8643724819552805,1.8525800000000001,1.8468600000000002,1.8468600000000002,138302.43,5,LONDON,2.0,0.0024212075833898424,26.3921900564972,35.73877851275918,1.8636746759602842,1.8678466103991624,-1.733333333335807,False,-0.0005249339113578063,23.407264774403327,-53.746759602841806,0.16810344827580762,8,0,london_breakout_short,1.8468600000000002,TP3,2021-10-11 21:00:00+00:00,83.40000809819368,1153.4423781999865,780,True,Monday,30-40,25-30,53.746759602841806,40-60,<0.3,2021
2021-10-12 07:00:00+00:00,9,GBP_AUD,SHORT,1.84664,1.8525816513431557,1.84159,1.83624,1.83624,148875.45,5,ASIAN,2.0,0.002509041927457791,31.986887869016066,35.0276725144068,1.8560232356368758,1.8644252763764053,-51.024894629199125,False,0.0002920070040361199,35.8445709976134,-90.83235636875742,0.8566493955095178,7,1,london_breakout_short,1.8525816513431557,SL,2021-10-13 00:00:00+00:00,-59.41651343155607,-884.5660174553955,1020,False,Tuesday,30-40,30-40,90.83235636875742,60-100,0.7+,2021
2021-10-15 07:00:00+00:00,9,GBP_AUD,LONG,1.8484,1.8428246827204295,1.85223,1.85636,1.85636,157070.95,4,ASIAN,2.0,0.002420832132411901,31.976673576230844,56.856349499204796,1.8475453823083048,1.8561918102850283,17.45392024888881,False,0.0004025089188946988,42.683973089308694,5.546176916952916,0.8312693498451992,7,4,london_breakout_long,1.85636,TP3,2021-10-15 14:00:00+00:00,58.95000506777335,925.9333298499976,420,True,Friday,50-60,30-40,5.546176916952916,0-20,0.7+,2021
2021-10-18 09:00:00+00:00,9,GBP_AUD,LONG,1.85868,1.8524994942235773,1.8638700000000001,1.8693000000000002,1.8693000000000002,143188.88,5,LONDON,2.0,0.0024171878598141655,33.235702498996176,69.66847890763486,1.8519276349754747,1.8557023619240558,17.123744726696977,False,0.0002238970694313459,78.97255892255913,65.12365024525346,0.6983050847458193,9,0,london_breakout_long,1.8524994942235773,SL,2021-10-18 14:00:00+00:00,-61.805057764228174,-884.9796999595137,300,False,Monday,60-70,30-40,65.12365024525346,60-100,0.5-0.7,2021
2021-10-25 07:00:00+00:00,9,GBP_AUD,SHORT,1.83783,1.84363,1.83348,1.82883,1.82883,151056.88,5,ASIAN,2.0,0.002328999160393878,26.854568439514466,36.852735455319596,1.8418652676130938,1.8469597252277559,-22.07765086633673,False,-0.00023187171000131997,18.206656749592607,-37.35267613093729,0.6450777202072273,7,0,london_breakout_short,1.83783,TP1+SL,2021-10-26 07:00:00+00:00,21.75000000000038,328.54871400000576,1440,True,Monday,30-40,25-30,37.35267613093729,20-40,0.5-0.7,2021
2021-11-03 07:00:00+00:00,9,GBP_AUD,SHORT,1.82864,1.8341594389265794,1.8244399999999998,1.8199399999999997,1.8199399999999997,159330.58,4,ASIAN,2.0,0.0021250773155865902,27.959638072735295,47.99896338370671,1.827406236302756,1.830835628728908,-10.809463079324289,False,-0.0006752375660978487,14.594997255549075,15.337636972441171,0.9042145593869413,7,2,london_breakout_short,1.8341594389265794,SL,2021-11-03 11:00:00+00:00,-55.19438926579357,-879.4154054464663,240,False,Wednesday,40-50,25-30,15.337636972441171,0-20,0.7+,2021
2021-11-05 09:00:00+00:00,9,GBP_AUD,SHORT,1.82155,1.82779,1.81605,1.8103099999999999,1.8103099999999999,139522.63,5,LONDON,2.0,0.002622487608665155,25.53858821153165,36.12427600897848,1.8280784306967612,1.8305362128693878,-17.046117053944876,False,0.00017571039359092887,31.90712583039218,-62.884306967612154,0.45569620253163606,9,4,london_breakout_short,1.82779,SL,2021-11-08 13:00:00+00:00,-62.40000000000023,-870.6212112000032,4560,False,Friday,30-40,25-30,62.884306967612154,60-100,0.3-0.5,2021
2021-11-10 09:00:00+00:00,9,GBP_AUD,SHORT,1.83552,1.8418946383770296,1.83049,1.8252199999999998,1.8252199999999998,135210.03,4,LONDON,2.0,0.0024300085400395426,35.15708441520177,47.83486259676827,1.8336772595171957,1.8305544788320987,-9.552333139597469,False,-0.000639546144016389,27.31636537443784,20.82740482804324,0.1509433962263479,9,2,london_breakout_short,1.83552,TP1+SL,2021-11-11 03:00:00+00:00,25.15000000000045,340.0532254500061,1080,True,Wednesday,40-50,30-40,20.82740482804324,20-40,<0.3,2021
2021-11-12 09:00:00+00:00,9,GBP_AUD,LONG,1.83689,1.83192,1.84026,1.8438700000000001,1.8438700000000001,174107.76,5,LONDON,2.0,0.002060993885267423,26.673029941385476,62.47830443456941,1.8335349742360338,1.8315719097477814,13.378986534522408,False,0.0002455305943645674,65.25456501524786,31.150257639660506,0.6627906976743075,9,4,london_breakout_long,1.83192,SL,2021-11-12 15:00:00+00:00,-49.699999999999186,-865.3155671999859,360,False,Friday,60-70,25-30,31.150257639660506,20-40,0.5-0.7,2021
2021-11-15 07:00:00+00:00,9,GBP_AUD,SHORT,1.82528,1.830182619882416,1.8216999999999999,1.8178199999999998,1.8178199999999998,174735.64,5,ASIAN,2.0,0.001973830242040226,36.8192897405297,27.9707401382001,1.831536481733114,1.8313613600205811,-63.4274971608062,False,-0.0002935751963296224,16.589047116738122,-59.56481733113916,0.8027027027027206,7,0,london_breakout_short,1.82528,TP1+SL,2021-11-15 15:00:00+00:00,17.90000000000069,312.7767956000121,480,True,Monday,<30,30-40,59.56481733113916,40-60,0.7+,2021
2021-11-19 08:00:00+00:00,9,GBP_AUD,SHORT,1.84945,1.8547940374665397,1.84528,1.84087,1.84087,160887.75,4,LONDON,2.0,0.002165071059000421,29.71593858975815,37.934951023481894,1.850974895622988,1.8402475926103015,-11.366666666667857,False,-0.0006255883779625116,20.04782317091112,-12.848956229878361,0.7400530503978276,8,4,london_breakout_short,1.8547940374665397,SL,2021-11-19 09:00:00+00:00,-53.44037466539663,-859.7901639072668,60,False,Friday,30-40,25-30,12.848956229878361,0-20,0.7+,2021
2021-11-23 09:00:00+00:00,9,GBP_AUD,SHORT,1.85141,1.8557,1.8478500000000002,1.8440500000000004,1.8440500000000004,198413.12,3,LONDON,2.0,0.0021017350844372657,19.170546794457326,42.85901261621999,1.8532685084111524,1.8455888300934915,-15.950378630957829,False,1.374523479699156e-05,30.395246566533412,-16.185084111524084,0.6686217008797565,9,1,london_breakout_short,1.8557,SL,2021-11-24 03:00:00+00:00,-42.89999999999905,-851.1922847999812,1080,False,Tuesday,40-50,<20,16.185084111524084,0-20,0.5-0.7,2021
2021-11-25 08:00:00+00:00,9,GBP_AUD,LONG,1.85464,1.85014,1.85813,1.86186,1.86186,187262.3,4,LONDON,2.0,0.001831827236946677,18.15181189432083,59.03039232627773,1.8526673483527856,1.8481517578605808,6.599999999998829,False,0.00021417580570655986,79.16327991207636,17.32651647214478,0.5160000000000163,8,3,london_breakout_long,1.85014,SL,2021-11-25 22:00:00+00:00,-45.000000000001705,-842.6803500000319,840,False,Thursday,50-60,<20,17.32651647214478,0-20,0.5-0.7,2021
2021-11-29 07:00:00+00:00,9,GBP_AUD,SHORT,1.86438,1.86992,1.8600599999999998,1.8554399999999998,1.8554399999999998,150587.28,4,ASIAN,2.0,0.0036420612162745645,21.981127261728428,46.545068251743956,1.863177659479589,1.8537414816355884,-30.866523708221738,False,-0.00099599274221626,25.888304198375852,15.02340520410872,0.44239631336408736,7,0,london_breakout_short,1.86992,SL,2021-11-30 05:00:00+00:00,-55.400000000001,-834.2535312000151,1320,False,Monday,40-50,20-25,15.02340520410872,0-20,0.3-0.5,2021
2021-12-02 09:00:00+00:00,9,GBP_AUD,LONG,1.87388,1.86681,1.87963,1.8856199999999999,1.8856199999999999,116819.1,5,LONDON,2.0,0.0028449953806433453,33.66768117160325,65.0882242893959,1.8668164104821823,1.860337321889251,20.81424853760616,False,0.00037361806956436234,61.15879355662895,68.23589517817696,0.6980056980056913,9,3,london_breakout_long,1.8856199999999999,TP3,2021-12-03 16:00:00+00:00,87.45001004972536,1021.5831468999874,1860,True,Thursday,60-70,30-40,68.23589517817696,60-100,0.5-0.7,2021
2021-12-10 08:00:00+00:00,9,GBP_AUD,SHORT,1.84604,1.8523377298553623,1.84082,1.8353599999999999,1.8353599999999999,132766.39,5,LONDON,2.0,0.002437156803420279,28.422471140743333,44.692731825238454,1.850058247360808,1.8602896537211093,-5.800000000000249,False,-0.00016129214660743978,19.053746474000786,-37.782473608081176,0.6679389312977465,8,4,london_breakout_short,1.8523377298553623,SL,2021-12-13 08:00:00+00:00,-62.97729855362367,-836.1268580916836,4320,False,Friday,40-50,25-30,37.782473608081176,20-40,0.5-0.7,2021
2021-12-13 08:00:00+00:00,9,GBP_AUD,LONG,1.85171,1.84589,1.8561699999999999,1.8608699999999998,1.8608699999999998,142227.76,4,LONDON,2.0,0.002361499226042148,28.45092847353238,59.7391593415246,1.8489740116362454,1.8576718470835227,0.9666666666663382,False,0.0001577857218410571,71.7267194775906,24.95988363754531,0.2897196261681913,8,0,london_breakout_long,1.8608699999999998,TP3,2021-12-13 15:00:00+00:00,68.10000644037294,968.5711371999818,420,True,Monday,50-60,25-30,24.95988363754531,20-40,<0.3,2021
2021-12-27 08:00:00+00:00,9,GBP_AUD,LONG,1.85617,1.85185,1.85856,1.86119,1.86119,193854.46,5,LONDON,2.0,0.0022882985686812816,30.24917944826825,61.937470990102376,1.8532642740714995,1.8547763676573248,-1.1333333333318762,False,0.00028384117370530584,80.60104968322246,26.65725928500562,0.1983240223463578,8,0,london_breakout_long,1.85617,TP1+SL,2021-12-27 15:00:00+00:00,11.94999999999946,231.65607969998953,420,True,Monday,60-70,30-40,26.65725928500562,20-40,<0.3,2021
2021-12-29 08:00:00+00:00,9,GBP_AUD,SHORT,1.85568,1.86068,1.8516700000000001,1.8474200000000003,1.8474200000000003,167953.57,3,LONDON,2.0,0.002251398240404898,13.791694096422782,46.386204365918076,1.8563984163447786,1.8555367619576544,1.40000000000029,False,-0.00023911490531232046,30.83580204821283,-4.784163447786316,0.16796874999997968,8,2,london_breakout_short,1.86068,SL,2021-12-29 13:00:00+00:00,-49.99999999999893,-839.7678499999821,300,False,Wednesday,40-50,<20,4.784163447786316,0-20,<0.3,2021
2021-12-30 07:00:00+00:00,9,GBP_AUD,SHORT,1.85644,1.86135,1.85298,1.84922,1.84922,169321.83,3,ASIAN,2.0,0.002260341757945393,15.849111676117204,43.44564491702702,1.8579833374847707,1.8562728495833127,-21.18082262986709,False,-0.00030930036972851157,34.09194872090433,-12.43337484770679,0.5955414012739126,7,3,london_breakout_short,1.86135,SL,2021-12-30 18:00:00+00:00,-49.0999999999997,-831.3701852999949,660,False,Thursday,40-50,<20,12.43337484770679,0-20,0.5-0.7,2021
2021-12-31 09:00:00+00:00,9,GBP_AUD,SHORT,1.85849,1.86245,1.8552,1.85167,1.85167,207842.54,4,LONDON,2.0,0.002072714059200597,39.44528701046106,44.47466939908688,1.8591897991192876,1.8570396795875264,-6.78445779561665,False,-0.0002471115340674442,46.46379544919197,-4.597991192876183,0.5047619047619007,9,4,london_breakout_short,1.86245,SL,2021-12-31 14:00:00+00:00,-39.59999999999964,-823.0564583999925,300,False,Friday,40-50,30-40,4.597991192876183,0-20,0.5-0.7,2021
2022-01-05 09:00:00+00:00,9,GBP_AUD,SHORT,1.86677,1.87245,1.8623,1.85759,1.85759,143455.26,4,LONDON,2.0,0.0025384231551399956,25.704230373054706,39.105344948860264,1.8690663710275712,1.862749400122242,-30.21282663907332,False,-0.0001816428736380196,35.405604647916824,-20.56371027571169,0.9350649350648951,9,2,london_breakout_short,1.87245,SL,2022-01-05 19:00:00+00:00,-56.79999999999907,-814.8258767999868,600,False,Wednesday,30-40,25-30,20.56371027571169,20-40,0.7+,2022
2022-01-07 09:00:00+00:00,9,GBP_AUD,LONG,1.89447,1.888253977253457,1.89999,1.90575,1.90575,129773.92,5,LONDON,2.0,0.002374665591573174,33.620201381053676,73.38353192741948,1.8842129419793598,1.8708553067812788,3.167300309074861,False,4.966127709986291e-05,82.64917409070684,100.17058020640235,0.05990783410136551,9,4,london_breakout_long,1.888253977253457,SL,2022-01-10 04:00:00+00:00,-62.16022746543093,-806.6776386280636,4020,False,Friday,70+,30-40,100.17058020640235,100+,<0.3,2022
2022-01-11 08:00:00+00:00,9,GBP_AUD,LONG,1.89493,1.88907,1.9002299999999999,1.9057699999999997,1.9057699999999997,136281.72,5,LONDON,2.0,0.0026420805080859897,25.71336712911378,58.843328479230756,1.8902860650330362,1.8785332585605918,10.966666666667457,False,0.00017546717572901728,68.81437141643646,44.03934966963785,0.7452229299362862,8,1,london_breakout_long,1.88907,SL,2022-01-11 18:00:00+00:00,-58.59999999999976,-798.6108791999968,600,False,Tuesday,50-60,25-30,44.03934966963785,40-60,0.7+,2022
2022-01-13 08:00:00+00:00,9,GBP_AUD,SHORT,1.8797,1.88449,1.8759,1.8718599999999999,1.8718599999999999,165057.36,5,LONDON,2.0,0.002279025797905615,36.493867101816704,35.2599349945347,1.8858226333533767,1.8816891776625997,1.2666666666638626,False,0.00014900568053355465,32.0607665779555,-58.82633353376798,0.2342657342657093,8,3,london_breakout_short,1.88449,SL,2022-01-14 00:00:00+00:00,-47.90000000000072,-790.6247544000119,960,False,Thursday,30-40,30-40,58.82633353376798,40-60,<0.3,2022
2022-01-14 09:00:00+00:00,9,GBP_AUD,LONG,1.88876,1.88303,1.89347,1.89842,1.89842,136600.09,5,LONDON,2.0,0.002388995328329765,25.369064935606406,65.67145575421273,1.8844177022080093,1.8820008083510607,18.836034970028948,False,0.0005217671971392093,72.33357945432178,41.02297791990672,0.6249999999999531,9,4,london_breakout_long,1.88876,TP1+SL,2022-01-14 14:00:00+00:00,23.54999999999996,321.69321194999947,300,True,Friday,60-70,25-30,41.02297791990672,40-60,0.5-0.7,2022
2022-01-19 08:00:00+00:00,9,GBP_AUD,SHORT,1.89007,1.89385,1.88693,1.88355,1.88355,207919.43,3,LONDON,2.0,0.0022312469738767753,18.94552089245691,43.00577611953091,1.8921171257589198,1.8876277791862102,-10.499999999999954,False,-7.243870350043545e-05,24.292818963511507,-18.071257589198364,0.6555891238670861,8,2,london_breakout_short,1.88355,TP3,2022-01-20 00:00:00+00:00,48.300003135828966,1004.2509120999771,960,True,Wednesday,40-50,<20,18.071257589198364,0-20,0.5-0.7,2022
2022-01-24 08:00:00+00:00,9,GBP_AUD,LONG,1.89285,1.885953725437852,1.8989099999999999,1.9052099999999998,1.9052099999999998,115421.44,5,LONDON,2.0,0.0026966162659406456,33.21810855390559,63.82157413785836,1.8868733499758228,1.8865758023840455,9.599999999996278,False,0.0004943875860037106,85.43064352177498,57.36650024177114,0.6242038216560104,8,0,london_breakout_long,1.885953725437852,SL,2022-01-24 23:00:00+00:00,-68.9627456214792,-795.9779405984824,900,False,Monday,60-70,30-40,57.36650024177114,40-60,0.5-0.7,2022
2022-01-26 08:00:00+00:00,9,GBP_AUD,SHORT,1.88494,1.889,1.88209,1.879,1.879,194093.15,5,LONDON,2.0,0.002247377839151279,25.61799945435783,42.50794566683825,1.8875407907784245,1.8871791591274294,-5.066666666662112,False,-0.00012784812994080428,44.23488345906994,-23.607907784244375,0.6766666666666331,8,2,london_breakout_short,1.88494,TP1+SL,2022-01-26 11:00:00+00:00,14.250000000000096,276.58273875000185,180,True,Wednesday,40-50,25-30,23.607907784244375,20-40,0.5-0.7,2022
2022-02-02 08:00:00+00:00,9,GBP_AUD,LONG,1.89963,1.89268,1.90368,1.9079700000000002,1.9079700000000002,113781.87,4,LONDON,2.0,0.0029157030144800616,37.25459314319213,53.03894254684015,1.9003061357279838,1.897468096417291,10.066666666666002,False,0.0003981848185597922,71.91680789043231,-9.1613572798388,0.6533864541832537,8,2,london_breakout_long,1.9079700000000002,TP3,2022-02-03 12:00:00+00:00,61.950007329816216,704.8787680500196,1680,True,Wednesday,50-60,30-40,9.1613572798388,0-20,0.5-0.7,2022
2022-02-04 07:00:00+00:00,9,GBP_AUD,LONG,1.90893,1.90215,1.91405,1.91947,1.91947,117674.45,5,ASIAN,2.0,0.0029298310674944704,23.371669493389863,61.51698807064311,1.903543446244856,1.8997112563073661,39.98343259867365,False,0.00012785009486146253,66.60422969058247,50.86553755144107,0.5691489361702231,7,4,london_breakout_long,1.90893,TP1+SL,2022-02-06 22:00:00+00:00,25.600000000000065,301.24659200000076,3780,True,Friday,60-70,20-25,50.86553755144107,40-60,0.5-0.7,2022
2022-02-07 07:00:00+00:00,9,GBP_AUD,SHORT,1.90605,1.9130182122636286,1.89978,1.89321,1.89321,114928.37,4,ASIAN,2.0,0.0026517645550620727,29.02039022587607,40.25332260488678,1.908231898648646,1.9022141937903974,-60.731673065907984,False,-0.0009343217917462889,10.93761552601543,-18.818986486459632,0.6408163265306248,7,0,london_breakout_short,1.89579,TP1+TIME,2022-02-08 23:00:00+00:00,82.64999999999966,949.8829780499962,2400,True,Monday,40-50,25-30,18.818986486459632,0-20,0.5-0.7,2022
2022-02-14 08:00:00+00:00,9,GBP_AUD,LONG,1.90397,1.89856,1.9077899999999999,1.9118499999999998,1.9118499999999998,149786.34,5,LONDON,2.0,0.0031504271171701355,22.315597065540533,62.27616504842805,1.8970704022914673,1.8972343390976345,10.066666666666002,False,9.034280397611158e-06,44.465328340201786,66.59597708532638,0.5907258064515791,8,0,london_breakout_long,1.89856,SL,2022-02-14 12:00:00+00:00,-54.09999999999915,-810.3440993999873,240,False,Monday,60-70,20-25,66.59597708532638,60-100,0.5-0.7,2022
2022-02-16 07:00:00+00:00,9,GBP_AUD,SHORT,1.88937,1.89518,1.88452,1.87937,1.87937,138079.28,5,ASIAN,2.0,0.0023948708447342967,39.335858476152254,33.16087406581846,1.8954492831784446,1.8968923865474776,-53.68355243229983,False,-0.00018593655800856128,15.846551841355664,-57.79283178444672,0.25149700598806696,7,2,london_breakout_short,1.88937,TP1+SL,2022-02-17 03:00:00+00:00,24.250000000000103,334.84225400000145,1200,True,Wednesday,30-40,30-40,57.79283178444672,40-60,<0.3,2022
2022-02-23 08:00:00+00:00,9,GBP_AUD,SHORT,1.87466,1.8812668147711848,1.87064,1.8663800000000001,1.8663800000000001,121933.05,5,LONDON,2.0,0.002674102629297236,30.36829761957015,29.193434245930476,1.8835933496790125,1.8899294313370936,-14.23333333333554,False,-0.00020322814999790642,11.645873345206395,-86.93349679012474,0.7898383371824531,8,2,london_breakout_short,1.87466,TP1+SL,2022-02-23 23:00:00+00:00,20.099999999999564,245.0854304999947,900,True,Wednesday,<30,30-40,86.93349679012474,60-100,0.7+,2022
2022-02-24 09:00:00+00:00,9,GBP_AUD,SHORT,1.87217,1.8816669484522435,1.86326,1.85411,1.85411,85084.16,5,LONDON,2.0,0.003680437996547591,28.40373051586099,42.96853464938782,1.8776054577570886,1.8863294736646252,-11.28090987237984,False,0.00010168057893270363,18.994723857246907,-51.954577570887395,0.029498525073743027,9,3,london_breakout_short,1.85411,TP3,2022-02-25 13:00:00+00:00,134.85002122604223,1147.3600781999974,1680,True,Thursday,40-50,25-30,51.954577570887395,40-60,<0.3,2022
2022-02-28 07:00:00+00:00,9,GBP_AUD,SHORT,1.85617,1.86273,1.8514700000000002,1.8464700000000003,1.8464700000000003,124925.84,5,ASIAN,2.0,0.0032323544899066155,21.05633712399041,41.988400243542834,1.863196156859322,1.8773536420213346,-13.17676402289969,False,0.0005582450393150514,35.44585741811107,-67.26156859321985,0.8337078651685002,7,0,london_breakout_short,1.8464700000000003,TP3,2022-02-28 17:00:00+00:00,72.0000077646053,899.4661449999841,600,True,Monday,40-50,20-25,67.26156859321985,60-100,0.7+,2022
2022-03-01 07:00:00+00:00,9,GBP_AUD,SHORT,1.8423800000000001,1.8492952380291052,1.8368900000000001,1.8311000000000002,1.8311000000000002,119809.06,5,ASIAN,2.0,0.0026299455536676138,38.1960418272142,28.910470346948614,1.8542427556098544,1.8713831503671532,-84.12009432408718,False,-9.095552174318315e-05,14.512623175254275,-115.62755609854314,0.6198347107437675,7,1,london_breakout_short,1.8311000000000002,TP3,2022-03-02 02:00:00+00:00,83.85000941498056,1004.5990808999971,1140,True,Tuesday,<30,30-40,115.62755609854314,100+,0.5-0.7,2022
2022-03-09 07:00:00+00:00,9,GBP_AUD,SHORT,1.79671,1.80375,1.79277,1.78853,1.78853,119112.81,4,ASIAN,2.0,0.0032034395055627924,19.338679601054313,43.083364021487945,1.7992576653040628,1.8218834483142718,-43.88427689072216,False,-0.0007702404380582261,31.685092763591758,-22.476653040628403,0.7198515769944529,7,2,london_breakout_short,1.79671,TP1+SL,2022-03-09 14:00:00+00:00,19.700000000000273,234.65223570000325,420,True,Wednesday,40-50,<20,22.476653040628403,20-40,0.7+,2022
2022-03-11 09:00:00+00:00,9,GBP_AUD,LONG,1.78767,1.7798569991388977,1.79328,1.79913,1.79913,107628.39,4,LONDON,2.0,0.003257114605552338,28.922629542833167,54.26559998533714,1.788962499792297,1.8094136776440617,37.6360093462047,False,0.0010529273987382815,54.25586837868858,-15.324997922969708,0.8327974276527474,9,4,london_breakout_long,1.79913,TP3,2022-03-14 06:00:00+00:00,85.35001064774671,918.6084232499836,4140,True,Friday,50-60,25-30,15.324997922969708,0-20,0.7+,2022
2022-03-21 09:00:00+00:00,9,GBP_AUD,LONG,1.78128,1.7742929512305579,1.7866099999999998,1.7921799999999997,1.7921799999999997,121666.07,4,LONDON,2.0,0.002821046685792805,36.11587169479876,55.6417953279724,1.7828299170365256,1.7962680238420385,17.38520450876191,False,0.0007366770379276222,56.67728832551268,-17.899170365256456,0.6485260770975035,9,0,london_breakout_long,1.77968,TIME,2022-03-23 01:00:00+00:00,-16.00000000000046,-194.66571200000558,2400,False,Monday,50-60,30-40,17.899170365256456,0-20,0.5-0.7,2022
2022-03-23 08:00:00+00:00,9,GBP_AUD,SHORT,1.77232,1.7791705577565946,1.7676899999999998,1.7628199999999996,1.7628199999999996,123806.0,5,LONDON,2.0,0.0028260643095923284,24.13110223860394,35.767371394946196,1.7792523711956145,1.7897208373865372,-16.23333333333532,False,-0.0003394268677098173,15.271313417195842,-66.92371195614611,0.9499036608863342,8,2,london_breakout_short,1.7628199999999996,TP3,2022-03-23 14:00:00+00:00,70.65000767329741,874.6894850000259,360,True,Wednesday,30-40,20-25,66.92371195614611,60-100,0.7+,2022
2022-03-30 07:00:00+00:00,9,GBP_AUD,LONG,1.74712,1.73955,1.7531800000000002,1.7595400000000003,1.7595400000000003,113195.11,3,ASIAN,2.0,0.0034919737586905425,18.254715379859974,53.74889016224709,1.7471156173185256,1.762779972628168,-5.279603978529668,False,0.00021503900609703194,61.38122457900337,-2.9561731852556505,0.6771159874608255,7,2,london_breakout_long,1.75454,TP1+TIME,2022-03-31 23:00:00+00:00,67.40000000000079,762.9350414000089,2400,True,Wednesday,50-60,<20,2.9561731852556505,0-20,0.5-0.7,2022
2022-04-01 07:00:00+00:00,9,GBP_AUD,SHORT,1.75067,1.7572051536596762,1.74725,1.74353,1.74353,132287.08,4,ASIAN,2.0,0.0026666285021654575,17.363394602762977,42.23704744284623,1.7523921365190291,1.7588708569169054,-26.554226425432592,False,-0.0003897936721508142,39.07579554726719,-14.221365190292268,0.8044806517311903,7,4,london_breakout_short,1.74353,TP3,2022-04-01 12:00:00+00:00,52.800005397351995,698.4758537999935,300,True,Friday,40-50,<20,14.221365190292268,0-20,0.7+,2022
2022-04-14 07:00:00+00:00,9,GBP_AUD,LONG,1.76396,1.7575178748048323,1.7692999999999999,1.7749399999999997,1.7749399999999997,135281.62,5,ASIAN,2.0,0.0024635036439194322,25.49085800964814,71.91472047773465,1.7546834947553447,1.7495148449593478,58.94707356180584,False,-9.273728184102997e-05,79.84333841780894,89.76505244655318,0.6313725490196386,7,3,london_breakout_long,1.7575178748048323,SL,2022-04-14 13:00:00+00:00,-64.42125195167624,-871.5011326450924,360,False,Thursday,70+,25-30,89.76505244655318,60-100,0.5-0.7,2022
2022-04-22 08:00:00+00:00,9,GBP_AUD,SHORT,1.76418,1.772984443929366,1.75605,1.7476800000000001,1.7476800000000001,97994.39,4,LONDON,2.0,0.003422507745193023,51.48216356911724,46.84603313844854,1.763452705568446,1.7595053380253702,-5.399999999999849,False,-0.0006958434655644861,24.37159456067451,9.672944315541887,0.03550295857985211,8,4,london_breakout_short,1.772984443929366,SL,2022-04-22 14:00:00+00:00,-88.04443929365968,-862.7861121474211,360,False,Friday,40-50,40+,9.672944315541887,0-20,<0.3,2022
2022-04-28 07:00:00+00:00,9,GBP_AUD,SHORT,1.75493,1.7635703651785724,1.7470200000000002,1.7388100000000004,1.7388100000000004,98856.73,5,ASIAN,2.0,0.0036549927806125964,28.05366882226369,38.63468694335155,1.7620715113029533,1.7632520681756274,-49.214506614094766,False,-3.694428767899468e-06,34.96505912050035,-68.41511302953185,0.838461538461534,7,3,london_breakout_short,1.75493,TP1+SL,2022-04-29 07:00:00+00:00,39.5499999999993,390.9783671499931,1440,True,Thursday,30-40,25-30,68.41511302953185,60-100,0.7+,2022
2022-05-11 07:00:00+00:00,9,GBP_AUD,SHORT,1.76848,1.77572,1.76245,1.7561200000000001,1.7561200000000001,118517.68,4,ASIAN,2.0,0.003718066699475929,20.856142034412066,43.66303699220881,1.7684030519304874,1.7601477832689802,-42.620432049171875,False,-0.0009217399645448112,26.613035593607822,3.7694806951260595,0.19189189189188685,7,2,london_breakout_short,1.76848,TP1+SL,2022-05-11 12:00:00+00:00,30.1499999999999,357.3308051999988,300,True,Wednesday,40-50,20-25,3.7694806951260595,0-20,<0.3,2022
2022-05-13 07:00:00+00:00,9,GBP_AUD,SHORT,1.77054,1.77796,1.7644,1.75796,1.75796,116124.17,4,ASIAN,2.0,0.004031524486973344,36.6707391182464,42.447518701125,1.7727928865012534,1.7646228032729234,-61.49178612724126,False,-0.0010470315969251308,23.79652582421107,-19.528865012534702,0.6371841155234856,7,4,london_breakout_short,1.77054,TP1+SL,2022-05-13 18:00:00+00:00,30.70000000000017,356.501201900002,660,True,Friday,40-50,30-40,19.528865012534702,0-20,0.5-0.7,2022
2022-05-17 07:00:00+00:00,9,GBP_AUD,LONG,1.77232,1.7638186835142073,1.77975,1.78748,1.78748,101773.22,4,ASIAN,2.0,0.003654774694722967,33.891423011546266,60.283041927181,1.768164081829756,1.765943490693598,51.0468974943401,False,0.0004592508105260131,68.48094739348859,38.55918170243999,0.8051643192488237,7,1,london_breakout_long,1.77232,TP1+SL,2022-05-18 06:00:00+00:00,37.15000000000024,378.08751230000246,1380,True,Tuesday,60-70,30-40,38.55918170243999,20-40,0.7+,2022
2022-05-20 07:00:00+00:00,9,GBP_AUD,SHORT,1.76628,1.775857579568068,1.75846,1.7503399999999998,1.7503399999999998,90731.4,4,ASIAN,2.0,0.003823100982425208,22.35112558890174,40.68869581274788,1.7712583561551236,1.7691595852989062,-50.36596656924574,False,-0.00023937641396609927,15.479904945602046,-46.78356155123575,0.6685606060606185,7,4,london_breakout_short,1.775857579568068,SL,2022-05-20 15:00:00+00:00,-95.77579568067928,-868.9872028221985,480,False,Friday,40-50,20-25,46.78356155123575,40-60,0.5-0.7,2022
2022-05-24 07:00:00+00:00,9,GBP_AUD,SHORT,1.77112,1.77735,1.76656,1.7616999999999998,1.7616999999999998,138089.46,4,ASIAN,2.0,0.0030002324572844545,26.161369686478366,48.830211710536084,1.7712832476160345,1.7697857159449986,6.814008603428512,False,0.00017456386436130495,48.31517272182321,1.3675238396548828,0.8571428571428344,7,1,london_breakout_short,1.77112,TP1+SL,2022-05-24 14:00:00+00:00,22.800000000000594,314.8439688000082,420,True,Tuesday,40-50,25-30,1.3675238396548828,0-20,0.7+,2022
2022-05-25 07:00:00+00:00,9,GBP_AUD,LONG,1.76778,1.76062,1.7742399999999998,1.7809999999999997,1.7809999999999997,120592.99,4,ASIAN,2.0,0.0032587161301799086,22.90782053059198,53.17435035548812,1.7675899027293243,1.7688773117401042,8.883330596185512,False,0.0002459432433950294,62.590244185612086,-1.0990272932431822,0.682070240295726,7,2,london_breakout_long,1.77731,TP1+TIME,2022-05-26 23:00:00+00:00,79.94999999999973,964.1409550499968,2400,True,Wednesday,50-60,20-25,1.0990272932431822,0-20,0.5-0.7,2022
2022-06-14 08:00:00+00:00,9,GBP_AUD,LONG,1.7530000000000001,1.7476,1.7576100000000001,1.7624600000000001,1.7624600000000001,161682.82,4,LONDON,2.0,0.0035131100330320153,16.128549922092354,56.04746610176346,1.7501999088488382,1.748639879369069,-10.499999999995513,False,0.00010496843900836703,46.09846068629792,25.600911511618474,0.14196242171190715,8,1,london_breakout_long,1.7476,SL,2022-06-14 09:00:00+00:00,-54.00000000000071,-873.0872280000116,60,False,Tuesday,50-60,<20,25.600911511618474,20-40,<0.3,2022
2022-06-16 09:00:00+00:00,9,GBP_AUD,LONG,1.74031,1.730957856104752,1.74639,1.7527100000000002,1.7527100000000002,92423.34,4,LONDON,2.0,0.0038816534468063546,33.06890599058561,56.124277107155095,1.7400777688430893,1.7453177024608266,36.05017195047688,False,0.0006788727393903181,75.12092698657194,-0.07768843089284161,0.5962643678161185,9,3,london_breakout_long,1.74031,TP1+SL,2022-06-16 11:00:00+00:00,30.40000000000043,280.96695360000393,120,True,Thursday,50-60,30-40,0.07768843089284161,0-20,0.5-0.7,2022
2022-06-17 07:00:00+00:00,9,GBP_AUD,LONG,1.75911,1.74895,1.76779,1.77677,1.77677,85350.98,4,ASIAN,2.0,0.004708924571671982,18.331856129392975,63.65716141536736,1.7480528004561229,1.746953684960078,70.37453352366497,False,-6.692364980500059e-05,62.57877178348,107.57199543877104,0.3120124804992189,7,4,london_breakout_long,1.75764,TIME,2022-06-20 23:00:00+00:00,-14.699999999998603,-125.46594059998807,5280,False,Friday,60-70,<20,107.57199543877104,100+,0.3-0.5,2022
2022-06-23 07:00:00+00:00,9,GBP_AUD,SHORT,1.76977,1.778094645312974,1.7626600000000001,1.7552500000000002,1.7552500000000002,104017.81,4,ASIAN,2.0,0.0033555825448189068,35.067761882104215,46.21071464504976,1.7687407461771454,1.7581676547021752,-30.194097695104283,False,-0.00031693189105115854,30.480956025928943,13.29253822854648,0.6780952380952425,7,3,london_breakout_short,1.778094645312974,SL,2022-06-23 18:00:00+00:00,-83.24645312973945,-865.9113744823143,660,False,Thursday,40-50,30-40,13.29253822854648,0-20,0.5-0.7,2022
2022-07-08 08:00:00+00:00,9,GBP_AUD,SHORT,1.75087,1.759363977435967,1.7434699999999999,1.7358299999999998,1.7358299999999998,100924.71,5,LONDON,2.0,0.003299334476216343,29.493196637354313,36.374814686768495,1.756917236179778,1.7614525388229638,-1.500000000000945,False,-0.0006836681194363032,5.101042511982029,-58.072361797780744,0.08868501529056079,8,4,london_breakout_short,1.759363977435967,SL,2022-07-08 12:00:00+00:00,-84.93977435967136,-857.252209471527,240,False,Friday,30-40,25-30,58.072361797780744,40-60,<0.3,2022
2022-07-20 07:00:00+00:00,9,GBP_AUD,SHORT,1.73557,1.7425,1.7295500000000001,1.7232300000000003,1.7232300000000003,122464.6,5,ASIAN,2.0,0.0027016225469258318,27.6031464148176,33.13012257196722,1.7438967442766267,1.7520214785733803,-48.46265327222321,False,1.1427912201320608e-05,12.83556533969387,-80.2674427662664,0.12811387900352975,7,2,london_breakout_short,1.73557,TP1+SL,2022-07-21 15:00:00+00:00,30.09999999999957,368.6184459999948,1920,True,Wednesday,30-40,25-30,80.2674427662664,60-100,<0.3,2022
2022-07-22 07:00:00+00:00,9,GBP_AUD,SHORT,1.72645,1.7334487882488798,1.7228800000000002,1.7190100000000004,1.7190100000000004,121787.64,5,ASIAN,2.0,0.0029266927781553403,27.404841226910516,36.194580871194724,1.7351405525845291,1.7454412960882035,-64.65316951514089,False,-8.222602141440272e-05,31.88688298099794,-83.90552584529142,0.7052117263843519,7,4,london_breakout_short,1.72645,TP1+SL,2022-07-22 13:00:00+00:00,17.849999999999252,217.39093739999092,360,True,Friday,30-40,25-30,83.90552584529142,60-100,0.7+,2022
2022-07-26 07:00:00+00:00,9,GBP_AUD,SHORT,1.72899,1.73482,1.7247299999999999,1.7201699999999998,1.7201699999999998,146576.3,4,ASIAN,2.0,0.002410823732253966,19.95099749518156,39.57756318176988,1.732742202682769,1.7403730886581332,-33.14180193922267,False,-0.00027624003995639315,20.17592692889781,-34.52202682769023,0.643678160919503,7,1,london_breakout_short,1.73482,SL,2022-07-26 18:00:00+00:00,-58.30000000000001,-854.5398290000002,660,False,Tuesday,30-40,<20,34.52202682769023,20-40,0.5-0.7,2022
2022-08-10 08:00:00+00:00,9,GBP_AUD,SHORT,1.73362,1.73815,1.72983,1.7258,1.7258,186753.73,4,LONDON,2.0,0.0022231136591455555,14.92980965669847,46.680130883588035,1.7355345993889864,1.740710358513287,-6.666666666665932,False,-7.040676805982485e-05,16.884767750639526,-16.745993889863975,0.6601941747573109,8,2,london_breakout_short,1.7258,TP3,2022-08-10 14:00:00+00:00,58.050004187332185,1084.1054808499905,360,True,Wednesday,40-50,<20,16.745993889863975,0-20,0.5-0.7,2022
2022-08-22 07:00:00+00:00,9,GBP_AUD,SHORT,1.71174,1.7180346553667316,1.70609,1.7001400000000002,1.7001400000000002,136121.11,5,ASIAN,2.0,0.002441586279071729,43.17148337680709,29.876115889380557,1.7212504238030077,1.7253874934138935,-52.293242381156176,False,-0.00023628886046973266,34.42477712638232,-92.10423803007738,0.29900332225910753,7,0,london_breakout_short,1.71174,TP1+SL,2022-08-22 12:00:00+00:00,28.249999999999666,384.5421357499954,300,True,Monday,<30,40+,92.10423803007738,60-100,<0.3,2022
2022-08-30 07:00:00+00:00,9,GBP_AUD,SHORT,1.69416,1.70057,1.6884000000000001,1.6823400000000002,1.6823400000000002,134271.59,5,ASIAN,2.0,0.0025243281064653584,33.01812788497988,36.94683887262071,1.6985933681096863,1.706974752055492,-33.84892038542642,False,-0.00014137267317537229,13.899344985471663,-41.33368109686231,0.1661016949152129,7,1,london_breakout_short,1.69416,TP1+SL,2022-08-30 13:00:00+00:00,28.799999999999937,386.70217919999914,360,True,Tuesday,30-40,30-40,41.33368109686231,40-60,<0.3,2022
2022-09-05 07:00:00+00:00,9,GBP_AUD,LONG,1.69434,1.687235082290769,1.70045,1.70686,1.70686,121683.03,4,ASIAN,2.0,0.0029175408634286677,23.428169171973252,53.807748112271966,1.694214143595258,1.700056057277706,19.324702144767336,False,0.0003668965722386109,47.252604927182794,-1.7414359525802503,0.9652014652014407,7,0,london_breakout_long,1.70686,TP3,2022-09-06 06:00:00+00:00,93.15001028902789,1133.477549650009,1380,True,Monday,50-60,20-25,1.7414359525802503,0-20,0.7+,2022
2022-09-14 07:00:00+00:00,9,GBP_AUD,LONG,1.71355,1.7063583487133096,1.72009,1.7269299999999999,1.7269299999999999,121791.59,5,ASIAN,2.0,0.0028811847636278395,41.392737403876865,73.39155334231143,1.7033847909730573,1.7014940659049889,87.64760449333718,False,0.0004686299588046172,80.81845581445543,98.65209026942655,0.5911111111110923,7,2,london_breakout_long,1.71355,TP1+SL,2022-09-14 15:00:00+00:00,32.69999999999995,398.2584992999994,480,True,Wednesday,70+,40+,98.65209026942655,60-100,0.5-0.7,2022
2022-09-23 09:00:00+00:00,9,GBP_AUD,SHORT,1.69086,1.69841,1.6853,1.6795,1.6795,116538.45,5,LONDON,2.0,0.0038388274648103833,26.303041610867993,38.099640980664276,1.6981801909114822,1.7012985981772768,-31.897233179967177,False,1.2545340626222848e-05,53.251802941097914,-70.80190911482154,0.4181229773462735,9,4,london_breakout_short,1.6795,TP3,2022-09-23 11:00:00+00:00,84.60000974785598,985.9154006000027,120,True,Friday,30-40,25-30,70.80190911482154,60-100,0.3-0.5,2022
2022-09-29 08:00:00+00:00,9,GBP_AUD,LONG,1.6735200000000001,1.66274,1.68309,1.6928999999999998,1.6928999999999998,82534.73,4,LONDON,2.0,0.00547789569411119,29.762098115045205,59.92807710876527,1.6661222283255845,1.6772970240468414,12.266666666664872,False,0.0007106965508485555,83.1929639285734,71.57771674415558,0.23674242424246342,8,3,london_breakout_long,1.6928999999999998,TP3,2022-09-29 13:00:00+00:00,144.75002348102223,1194.690410549983,300,True,Thursday,50-60,25-30,71.57771674415558,60-100,<0.3,2022
2022-09-30 08:00:00+00:00,9,GBP_AUD,LONG,1.72218,1.70707,1.73433,1.7467199999999998,1.7467199999999998,59673.81,5,LONDON,2.0,0.006518411994292415,55.02516058170477,74.29823451801781,1.69205855951025,1.6834105294158537,11.966666666667347,False,-0.00032191645583114215,85.76387552601342,298.81440489750054,0.27390900649953787,8,4,london_breakout_long,1.70707,SL,2022-09-30 11:00:00+00:00,-151.09999999999954,-901.6712690999974,180,False,Friday,70+,40+,298.81440489750054,100+,<0.3,2022
2022-10-07 07:00:00+00:00,9,GBP_AUD,LONG,1.74383,1.73609,1.75085,1.75817,1.75817,115330.05,4,ASIAN,2.0,0.0039274617188197036,19.139443234912534,54.86146095917974,1.7430257308002168,1.7258763393866428,27.20882284982684,False,0.0007462454670082216,87.12417666344352,5.042691997831916,0.086124401913854,7,4,london_breakout_long,1.73609,SL,2022-10-07 14:00:00+00:00,-77.4000000000008,-892.6545870000093,420,False,Friday,50-60,<20,5.042691997831916,0-20,<0.3,2022
2022-10-13 09:00:00+00:00,9,GBP_AUD,LONG,1.77155,1.76363,1.77629,1.78127,1.78127,111581.83,5,LONDON,2.0,0.0036038172317942926,27.183007450580714,64.10960821361539,1.7622063050939787,1.7458825550755237,32.93422404937463,False,-0.00019534228769352855,74.13366547114803,91.03694906021254,0.8183361629880993,9,3,london_breakout_long,1.78127,TP3,2022-10-13 11:00:00+00:00,72.30000871109529,806.7367280999954,120,True,Thursday,60-70,25-30,91.03694906021254,60-100,0.7+,2022
2022-10-18 09:00:00+00:00,9,GBP_AUD,SHORT,1.79148,1.8024887645515424,1.7819500000000001,1.7721800000000003,1.7721800000000003,81007.77,4,LONDON,2.0,0.004668398262001437,26.31813965385722,34.163918904218036,1.7994855792982332,1.773784809942319,-47.05044953151827,False,-0.001386579847736043,17.925966446504557,-77.65579298233182,0.7029914529914536,9,1,london_breakout_short,1.79474,TIME,2022-10-20 01:00:00+00:00,-32.6000000000004,-264.0853302000033,2400,False,Tuesday,30-40,25-30,77.65579298233182,60-100,0.7+,2022
2022-10-21 07:00:00+00:00,9,GBP_AUD,SHORT,1.7822,1.78977,1.77725,1.772,1.772,117457.67,3,ASIAN,2.0,0.003667344909359172,18.06265508107699,39.485716047174044,1.7883074920892825,1.781447886545113,-20.26489857100966,False,-6.900247171007858e-05,31.500493242087018,-58.07492089282551,0.6348314606741435,7,4,london_breakout_short,1.7822,TP1+SL,2022-10-21 12:00:00+00:00,24.750000000000046,290.70773325000056,300,True,Friday,30-40,<20,58.07492089282551,40-60,0.5-0.7,2022
2022-11-03 08:00:00+00:00,9,GBP_AUD,SHORT,1.78294,1.7922270320064584,1.77584,1.7685000000000002,1.7685000000000002,96054.55,4,LONDON,2.0,0.004295326173827434,24.111122778563242,30.551522411828103,1.792920300685036,1.7921096786001807,-36.83333333333483,False,-0.000495378216419948,29.95152292455866,-97.40300685036063,0.8212375859434683,8,3,london_breakout_short,1.7685000000000002,TP3,2022-11-04 05:00:00+00:00,107.70001503312275,1034.5076478999842,1260,True,Thursday,30-40,20-25,97.40300685036063,60-100,0.7+,2022
2022-11-07 08:00:00+00:00,9,GBP_AUD,LONG,1.76935,1.759787605801384,1.77582,1.78253,1.78253,94370.38,4,LONDON,2.0,0.004066174988057382,35.08149140256132,61.50311573172579,1.7682433672354256,1.782390294441481,18.166666666663556,False,0.0017431739700811337,62.32376239995009,8.666327645743266,0.7076923076922871,8,0,london_breakout_long,1.76935,TP1+SL,2022-11-08 10:00:00+00:00,32.34999999999988,305.2881792999989,1560,True,Monday,60-70,30-40,8.666327645743266,0-20,0.7+,2022
2022-11-09 08:00:00+00:00,9,GBP_AUD,SHORT,1.77234,1.77821,1.76734,1.7620999999999998,1.7620999999999998,154252.06,5,LONDON,2.0,0.003340836312624505,21.19537129560711,46.09790107589542,1.7734392046889533,1.7793470371358098,-7.699999999999374,False,-0.00014944429282033058,27.89452012973004,-8.592046889532856,0.1627118644067914,8,2,london_breakout_short,1.77234,TP1+SL,2022-11-09 11:00:00+00:00,25.000000000000576,385.6301500000089,180,True,Wednesday,40-50,20-25,8.592046889532856,0-20,<0.3,2022
2022-11-14 09:00:00+00:00,9,GBP_AUD,LONG,1.76662,1.75862,1.77159,1.7768,1.7768,113664.49,4,LONDON,2.0,0.004118370784943797,23.227936021359113,56.079011796047986,1.7652327249130824,1.772877751685771,29.864933225478563,False,0.0005617729108166657,75.1242924410521,11.472750869176984,0.5825426944971906,9,0,london_breakout_long,1.75862,SL,2022-11-14 13:00:00+00:00,-80.00000000000006,-909.3159200000008,240,False,Monday,50-60,20-25,11.472750869176984,0-20,0.5-0.7,2022
2022-11-17 08:00:00+00:00,9,GBP_AUD,LONG,1.77525,1.7665077784205963,1.78311,1.79121,1.79121,102974.14,5,LONDON,2.0,0.003551539443778491,39.35228394880192,69.00948667695866,1.763067972440058,1.7663396902195003,17.966666666666686,False,0.00038461911557399016,66.72112758029057,119.42027559942002,0.8003629764065521,8,3,london_breakout_long,1.781,TP1+TIME,2022-11-21 00:00:00+00:00,68.0499999999995,700.7390226999948,5280,True,Thursday,60-70,30-40,119.42027559942002,100+,0.7+,2022
2022-11-21 09:00:00+00:00,9,GBP_AUD,LONG,1.78614,1.7782704735014394,1.7919,1.7979,1.7979,115283.96,5,LONDON,2.0,0.003203109842322501,21.49542788227065,64.87810066461148,1.7764196076944319,1.7705725653278694,28.300899709432503,False,-1.431890024075795e-06,76.16754685720218,94.80392305568185,0.8046421663442987,9,0,london_breakout_long,1.78614,TP1+SL,2022-11-22 08:00:00+00:00,28.799999999999937,332.0178047999993,1380,True,Monday,60-70,20-25,94.80392305568185,60-100,0.7+,2022
2022-11-22 08:00:00+00:00,9,GBP_AUD,SHORT,1.78508,1.7917106407159895,1.78137,1.7774199999999998,1.7774199999999998,137324.64,4,LONDON,2.0,0.002821523694510421,29.47658055984152,44.258217703183725,1.7839539981327295,1.7742806929061212,-16.100000000001113,False,-0.000662194383862899,27.572778984382865,13.660018672705387,0.7145135566188263,8,1,london_breakout_short,1.7917106407159895,SL,2022-11-22 13:00:00+00:00,-66.3064071598951,-910.5503492926019,300,False,Tuesday,40-50,25-30,13.660018672705387,0-20,0.7+,2022
2022-11-23 09:00:00+00:00,9,GBP_AUD,LONG,1.7916,1.78666,1.7948800000000003,1.7984000000000004,1.7984000000000004,182478.71,5,LONDON,2.0,0.002801394560936374,22.32707463185281,58.401094501130565,1.7868992530679078,1.7774494703699555,30.78963343394303,False,-4.132897122975833e-05,55.703066638302914,44.60746932092307,0.7360861759425381,9,2,london_breakout_long,1.7984000000000004,TP3,2022-11-23 13:00:00+00:00,50.40000372646478,919.6927664000486,240,True,Wednesday,50-60,20-25,44.60746932092307,40-60,0.7+,2022
2022-11-25 08:00:00+00:00,9,GBP_AUD,LONG,1.79441,1.788283564910354,1.7986,1.80303,1.80303,148641.38,5,LONDON,2.0,0.0025285330332971293,26.62499087329915,61.063515857548275,1.7904369297817813,1.7827111271751575,15.699999999998493,False,0.0001553793597861027,61.974870250427934,37.330702182187814,0.9060542797494666,8,4,london_breakout_long,1.788283564910354,SL,2022-11-25 21:00:00+00:00,-61.26435089646165,-910.6417662054297,780,False,Friday,60-70,25-30,37.330702182187814,20-40,0.7+,2022
2022-12-07 08:00:00+00:00,9,GBP_AUD,LONG,1.81592,1.80836,1.82175,1.82782,1.82782,119250.71,4,LONDON,2.0,0.003390814504454534,18.860645009626797,55.334758416377504,1.811531620919139,1.7998533845414744,9.566666666667167,False,-9.754401925491328e-05,66.33955349976809,41.48379080860964,0.7946611909650758,8,2,london_breakout_long,1.81592,TP1+SL,2022-12-07 14:00:00+00:00,29.150000000000006,347.6158196500001,360,True,Wednesday,50-60,<20,41.48379080860964,40-60,0.7+,2022
2022-12-12 08:00:00+00:00,9,GBP_AUD,LONG,1.80937,1.80388,1.81397,1.8188100000000003,1.8188100000000003,164847.27,4,LONDON,2.0,0.0029081052390418738,18.75796116672652,57.473129199139805,1.8077396813721158,1.8046632173414408,5.466666666666953,False,0.00042977200229709614,69.1999313334771,13.903186278840796,0.5404624277456087,8,0,london_breakout_long,1.8188100000000003,TP3,2022-12-12 15:00:00+00:00,70.20000572651529,1157.227929800041,420,True,Monday,50-60,<20,13.903186278840796,0-20,0.5-0.7,2022
2022-12-13 07:00:00+00:00,9,GBP_AUD,SHORT,1.8123,1.81947,1.8071300000000001,1.8016600000000003,1.8016600000000003,127835.95,3,ASIAN,2.0,0.0030829623969469864,17.001796677881252,45.358645603951835,1.8128601716691768,1.8070393354635284,-29.15731225364926,False,-0.000815432113877575,15.903302967245471,-2.601716691768008,0.47252747252751115,7,1,london_breakout_short,1.8016600000000003,TP3,2022-12-13 15:00:00+00:00,79.0500083231656,1010.5432911499781,480,True,Tuesday,40-50,<20,2.601716691768008,0-20,0.3-0.5,2022
2022-12-14 07:00:00+00:00,9,GBP_AUD,SHORT,1.80411,1.81009,1.79892,1.79343,1.79343,154964.75,5,ASIAN,2.0,0.0030921733197262127,27.769912172281646,41.128784656609675,1.8088711116846772,1.8069674669128137,-19.432327123729554,False,0.00023518256229637918,23.557001257428496,-44.611116846771104,0.2051282051281723,7,2,london_breakout_short,1.80411,TP1+SL,2022-12-14 15:00:00+00:00,25.950000000000138,402.13352625000215,480,True,Wednesday,40-50,25-30,44.611116846771104,40-60,<0.3,2022
2022-12-21 09:00:00+00:00,9,GBP_AUD,SHORT,1.81811,1.82708,1.8099999999999998,1.8016499999999998,1.8016499999999998,103758.14,3,LONDON,2.0,0.0035711542185685222,18.45650033461088,43.12623940897432,1.8202176175379243,1.8146876102647604,-17.110562908422278,False,-0.0006261659764788081,21.0860251261709,-18.676175379244153,0.6006600660066342,9,2,london_breakout_short,1.8016499999999998,TP3,2022-12-21 15:00:00+00:00,122.85001586381661,1274.6689145000105,360,True,Wednesday,40-50,<20,18.676175379244153,0-20,0.5-0.7,2022
2022-12-29 08:00:00+00:00,9,GBP_AUD,LONG,1.78893,1.7816744556021955,1.79436,1.80003,1.80003,130032.59,4,LONDON,2.0,0.002830059347755946,26.52326274026978,63.291510308944616,1.7852756569884318,1.7960887157070815,-4.666666666668373,False,0.0007269742686220138,79.68757894225733,34.14343011568066,0.0031847133757461825,8,3,london_breakout_long,1.7816744556021955,SL,2022-12-29 14:00:00+00:00,-72.55544397804404,-943.4572299064969,360,False,Thursday,60-70,25-30,34.14343011568066,20-40,<0.3,2022
2023-01-05 08:00:00+00:00,9,GBP_AUD,SHORT,1.76206,1.77007,1.75467,1.74704,1.74704,116607.07,5,LONDON,2.0,0.003946326646788954,21.272507073854,45.868692462830296,1.766243041971212,1.778116542078752,-9.03333333333256,False,0.00026914203299061923,13.09165123105953,-39.43041971212091,0.27761194029853953,8,3,london_breakout_short,1.76206,TP1+SL,2023-01-05 15:00:00+00:00,36.95000000000004,430.8631236500005,420,True,Thursday,40-50,20-25,39.43041971212091,20-40,<0.3,2023
2023-01-10 09:00:00+00:00,9,GBP_AUD,LONG,1.76596,1.75821,1.77169,1.77766,1.77766,121075.0,4,LONDON,2.0,0.0031293656582303112,27.533929553131717,65.56133844260384,1.7597651372737415,1.7683377708946086,26.256457613063056,False,0.0002798888766244224,66.65003707948505,59.548627262584475,0.9107551487413927,9,1,london_breakout_long,1.75821,SL,2023-01-11 05:00:00+00:00,-77.49999999999923,-938.3312499999907,1200,False,Tuesday,60-70,25-30,59.548627262584475,40-60,0.7+,2023
2023-01-12 07:00:00+00:00,9,GBP_AUD,LONG,1.7606,1.75566,1.7646899999999999,1.7690799999999998,1.7690799999999998,188046.15,3,ASIAN,2.0,0.002732541322574606,19.99387151933567,53.92530486162893,1.7595212625095205,1.7653484600012006,19.9766102000698,False,0.00027433178162383385,57.32540400484398,7.787374904795197,0.3511450381679422,7,3,london_breakout_long,1.75566,SL,2023-01-12 13:00:00+00:00,-49.39999999999944,-928.9479809999896,360,False,Thursday,50-60,<20,7.787374904795197,0-20,0.3-0.5,2023
2023-01-17 07:00:00+00:00,9,GBP_AUD,LONG,1.75445,1.7473012592492436,1.75967,1.76519,1.76519,128646.22,4,ASIAN,2.0,0.0029473894217095257,27.436347867566727,55.571414488270854,1.7527067922457666,1.7589497119581405,22.758819220849436,False,6.238401279432882e-05,78.23618674198299,14.432077542334554,0.6460176991150537,7,1,london_breakout_long,1.75445,TP1+SL,2023-01-17 18:00:00+00:00,26.100000000000012,335.76663420000017,660,True,Tuesday,50-60,25-30,14.432077542334554,0-20,0.5-0.7,2023
2023-01-18 09:00:00+00:00,9,GBP_AUD,LONG,1.75925,1.75296,1.76484,1.77067,1.77067,146743.43,3,LONDON,2.0,0.003294702770398142,19.73213630438627,57.75595390927896,1.7555831612138673,1.758594170604445,19.22383590178045,False,-6.560229339684252e-05,66.30381193774274,34.26838786132702,0.2289915966386689,9,2,london_breakout_long,1.77067,TP3,2023-01-18 17:00:00+00:00,85.05000778229034,1248.0529863499978,480,True,Wednesday,50-60,<20,34.26838786132702,20-40,<0.3,2023
2023-01-23 08:00:00+00:00,9,GBP_AUD,SHORT,1.77066,1.7777385928039753,1.76592,1.76094,1.76094,132158.57,4,LONDON,2.0,0.0031264773271908407,36.29784442658625,27.143161626141747,1.7800462823183103,1.7706336197301533,-24.966666666670356,False,-0.00024643706013675794,26.590488156606792,-91.46282318310384,0.9317904993909999,8,0,london_breakout_short,1.77066,TP1+SL,2023-01-23 14:00:00+00:00,23.69999999999983,313.2158108999978,360,True,Monday,<30,30-40,91.46282318310384,60-100,0.7+,2023
2023-01-24 07:00:00+00:00,9,GBP_AUD,LONG,1.76326,1.7583,1.76652,1.77008,1.77008,189239.69,4,ASIAN,2.0,0.0028548691162802523,40.1635721061256,45.422703725175666,1.7689912165755912,1.7688811665866468,-12.74544130682731,False,0.0008285313067096069,56.75821282729468,-60.31216575591136,0.9081364829396157,7,1,london_breakout_long,1.7583,SL,2023-01-24 09:00:00+00:00,-49.60000000000076,-938.6288624000143,120,False,Tuesday,40-50,40+,60.31216575591136,60-100,0.7+,2023
2023-01-24 09:00:00+00:00,9,GBP_AUD,SHORT,1.75636,1.76186,1.75304,1.74948,1.74948,168953.19,5,LONDON,2.0,0.0034004738808742926,38.948420637744555,33.50279830595241,1.7682878396762765,1.7687031964059754,-40.07826861342822,False,0.0006591529116195616,63.99123684946442,-116.87839676276512,0.6273584905660453,9,1,london_breakout_short,1.74948,TP3,2023-01-24 13:00:00+00:00,51.00000407213376,861.6613377999989,240,True,Tuesday,30-40,30-40,116.87839676276512,100+,0.5-0.7,2023
2023-02-02 09:00:00+00:00,9,GBP_AUD,SHORT,1.7306,1.73521,1.72715,1.72346,1.72346,203440.17,5,LONDON,2.0,0.002860788752543763,46.57115211754893,28.807758722447886,1.7401085760977721,1.7484351472991098,-10.995924924008804,False,6.533550360325168e-05,18.997273668142462,-92.68576097772207,0.22460937499999636,9,3,london_breakout_short,1.73521,SL,2023-02-02 12:00:00+00:00,-46.10000000000003,-937.8591837000007,180,False,Thursday,<30,40+,92.68576097772207,60-100,<0.3,2023
2023-02-03 09:00:00+00:00,9,GBP_AUD,LONG,1.73478,1.7273492581769176,1.7398699999999998,1.7451999999999996,1.7451999999999996,124951.26,4,LONDON,2.0,0.0030894183914306115,23.000355417176937,60.50252705452881,1.733293626792481,1.744277991697966,37.53201597842537,False,0.000791757082011583,65.90932671414829,12.463732075189693,0.773037542662106,9,4,london_breakout_long,1.73478,TP1+SL,2023-02-03 15:00:00+00:00,25.44999999999908,318.00095669998854,360,True,Friday,60-70,20-25,12.463732075189693,0-20,0.7+,2023
2023-02-06 09:00:00+00:00,9,GBP_AUD,LONG,1.74561,1.7375017847081538,1.7523300000000002,1.7592900000000002,1.7592900000000002,114903.29,4,LONDON,2.0,0.003333908536971501,36.153914310163586,68.76589440590384,1.737217212983482,1.743222645572988,25.87608791038587,False,0.0001425608109258021,87.01024457592062,81.52787016518114,0.5815972222222558,9,0,london_breakout_long,1.74561,TP1+SL,2023-02-06 21:00:00+00:00,33.6000000000003,386.0750544000034,720,True,Monday,60-70,30-40,81.52787016518114,60-100,0.5-0.7,2023
2023-02-08 09:00:00+00:00,9,GBP_AUD,LONG,1.73284,1.72738,1.73769,1.74278,1.74278,171340.9,4,LONDON,2.0,0.003085572393636972,27.01308779111641,49.55356634687302,1.7347738638009245,1.7407098055269006,13.637703750397634,False,0.0004249319745025918,78.04836997971653,-21.73863800924547,0.5710594315244962,9,2,london_breakout_long,1.74278,TP3,2023-02-08 16:00:00+00:00,73.9500058013006,1267.0660549000067,420,True,Wednesday,40-50,25-30,21.73863800924547,20-40,0.5-0.7,2023
2023-02-13 07:00:00+00:00,9,GBP_AUD,SHORT,1.74049,1.746073660164727,1.7365300000000001,1.7322700000000002,1.7322700000000002,169815.49,3,ASIAN,2.0,0.0022339309183271993,18.75000630335809,38.929686576208496,1.7430487896974223,1.7418771316996517,-37.102346146287154,False,-0.00014131774323871955,25.53834037757331,-22.587896974222144,0.739473684210559,7,0,london_breakout_short,1.746073660164727,SL,2023-02-14 01:00:00+00:00,-55.836601647269994,-948.1919868665962,1080,False,Monday,30-40,<20,22.587896974222144,20-40,0.7+,2023
2023-02-14 08:00:00+00:00,9,GBP_AUD,LONG,1.74858,1.742424542442941,1.75343,1.75852,1.75852,152500.46,5,LONDON,2.0,0.0025678842354790892,21.26081085142989,65.77124824132098,1.742975380859534,1.742043481440642,15.83333333333492,False,0.00035968826205958024,52.842866361325775,53.64619140465931,0.9518304431599478,8,1,london_breakout_long,1.742424542442941,SL,2023-02-14 19:00:00+00:00,-61.55457557059041,-938.7101089619799,660,False,Tuesday,60-70,20-25,53.64619140465931,40-60,0.7+,2023
2023-02-17 09:00:00+00:00,9,GBP_AUD,LONG,1.75011,1.7431799162051946,1.75648,1.76309,1.76309,134099.82,5,LONDON,2.0,0.0027927454094991916,21.35875093099894,64.27167177883264,1.7444741628828362,1.7435063726679572,26.366049231987265,False,0.0005438619739404833,59.68964565341418,53.95837117163848,0.805104408352681,9,4,london_breakout_long,1.7431799162051946,SL,2023-02-20 08:00:00+00:00,-69.3008379480542,-929.3229894683237,4260,False,Friday,60-70,20-25,53.95837117163848,40-60,0.7+,2023
2023-02-24 08:00:00+00:00,9,GBP_AUD,LONG,1.77223,1.7657846309703655,1.7764399999999998,1.7808899999999996,1.7808899999999996,142742.76,5,LONDON,2.0,0.002575565639578536,32.13370413888116,66.28914018642294,1.7650996071354814,1.7556452921581271,6.4333333333310705,False,0.0007672909965319955,88.79666295573169,68.90392864518535,0.5250659630606748,8,4,london_breakout_long,1.77223,TP1+SL,2023-02-24 14:00:00+00:00,21.049999999999123,300.47350979998754,360,True,Friday,60-70,30-40,68.90392864518535,60-100,0.5-0.7,2023
2023-02-28 07:00:00+00:00,9,GBP_AUD,LONG,1.7933999999999999,1.7874317070388241,1.79844,1.8037800000000002,1.8037800000000002,154656.36,5,ASIAN,2.0,0.0023489373855796196,34.31524903913857,70.69590616533989,1.7821431399317356,1.7658516009366423,62.20260599311356,False,-0.0001939382878945982,82.60892037818884,109.5686006826435,0.9120234604105052,7,1,london_breakout_long,1.7933999999999999,TP1+SL,2023-02-28 16:00:00+00:00,25.200000000000777,389.734027200012,540,True,Tuesday,70+,30-40,109.5686006826435,100+,0.7+,2023
2023-03-02 08:00:00+00:00,9,GBP_AUD,SHORT,1.77762,1.78361,1.77231,1.76676,1.76676,154746.55,3,LONDON,2.0,0.0027889207684691324,18.496468440237607,41.87772617225828,1.7819395912337135,1.7728916351317956,2.220446049250313e-12,False,0.00025280637597136077,33.30026625387441,-40.795912337134865,0.5,8,3,london_breakout_short,1.77762,TP1+SL,2023-03-03 13:00:00+00:00,26.549999999999628,410.85209024999426,1740,True,Thursday,40-50,<20,40.795912337134865,40-60,0.3-0.5,2023
2023-03-06 08:00:00+00:00,9,GBP_AUD,LONG,1.78502,1.7792252784507003,1.7894400000000001,1.7941000000000003,1.7941000000000003,160670.42,5,LONDON,2.0,0.0023824680040255967,33.49629293005964,70.05188536782839,1.778724802919714,1.7745787888634912,10.233333333335981,False,0.000387708898703375,69.41187588520465,60.55197080286012,0.6912751677852472,8,0,london_breakout_long,1.7941000000000003,TP3,2023-03-07 03:00:00+00:00,67.5000056513217,1084.5254258000232,1140,True,Monday,70+,30-40,60.55197080286012,60-100,0.5-0.7,2023
2023-03-08 07:00:00+00:00,9,GBP_AUD,SHORT,1.79185,1.79801,1.7865599999999997,1.7809699999999995,1.7809699999999995,152903.51,4,ASIAN,2.0,0.0026419449751633995,25.138184058084427,42.73311755579238,1.7916042621803556,1.7813912043293572,-49.23579552986057,False,-0.0008081095394064115,17.07408660897072,5.457378196442875,0.37401574803150056,7,2,london_breakout_short,1.79801,SL,2023-03-09 00:00:00+00:00,-61.60000000000166,-941.8856216000254,1020,False,Wednesday,40-50,25-30,5.457378196442875,0-20,0.3-0.5,2023
2023-03-10 09:00:00+00:00,9,GBP_AUD,LONG,1.82022,1.8125429248470946,1.8272199999999998,1.8344599999999998,1.8344599999999998,121461.2,5,LONDON,2.0,0.0032823421996505653,45.35134102129495,78.12149866637375,1.8028428561389065,1.789331626640807,42.70405418177692,False,0.0005032122126050432,86.237766221416,171.3714386109344,0.6510989010989007,9,4,london_breakout_long,1.82022,TP1+SL,2023-03-12 23:00:00+00:00,34.999999999999474,425.1141999999936,3720,True,Friday,70+,40+,171.3714386109344,100+,0.5-0.7,2023
2023-03-14 07:00:00+00:00,9,GBP_AUD,SHORT,1.82189,1.8313844999407778,1.81623,1.81027,1.81027,98659.0,3,ASIAN,2.0,0.0038315285494317933,18.189068009628322,45.47418909868301,1.820893374345977,1.802103701744659,4.700492574605253,False,-0.0005258790578756599,8.881490710391306,12.966256540229981,0.6843910806174849,7,1,london_breakout_short,1.8313844999407778,SL,2023-03-14 12:00:00+00:00,-94.94499940777779,-936.7178696571949,300,False,Tuesday,40-50,<20,12.966256540229981,0-20,0.5-0.7,2023
2023-03-15 08:00:00+00:00,9,GBP_AUD,LONG,1.82199,1.81433,1.82837,1.8349900000000001,1.8349900000000001,121064.06,4,LONDON,2.0,0.0033544149826290363,16.91054663590977,52.379431290709775,1.820527684713448,1.8062368392729176,6.500000000002615,False,0.00032147039958098844,84.57743314226339,12.223152865520337,0.5728643216080178,8,2,london_breakout_long,1.81433,SL,2023-03-16 09:00:00+00:00,-76.6,-927.3506996,1500,False,Wednesday,50-60,<20,12.223152865520337,0-20,0.5-0.7,2023
2023-03-23 07:00:00+00:00,9,GBP_AUD,SHORT,1.82698,1.83416,1.82057,1.81386,1.81386,127865.91,4,ASIAN,2.0,0.003150965511239993,50.09571311858465,41.44694164693802,1.8301919729109088,1.8214731471870906,-42.326850803457994,False,-0.0005947320767687149,45.140283900359854,-29.119729109088333,0.5322580645161618,7,3,london_breakout_short,1.83416,SL,2023-03-23 12:00:00+00:00,-71.79999999999964,-918.0772337999955,300,False,Thursday,40-50,40+,29.119729109088333,20-40,0.5-0.7,2023
2023-03-31 07:00:00+00:00,9,GBP_AUD,LONG,1.85159,1.844359973222407,1.85812,1.8649499999999999,1.8649499999999999,125711.35,5,ASIAN,2.0,0.0029218670888203086,21.204966961357645,64.1793024801874,1.8444321580858807,1.8377231623942027,57.771850293426574,False,0.0003748890847653087,65.84565949123464,68.57841914119422,0.5482546201232465,7,4,london_breakout_long,1.844359973222407,SL,2023-03-31 16:00:00+00:00,-72.300267775931,-908.8964267473785,540,False,Friday,60-70,20-25,68.57841914119422,60-100,0.5-0.7,2023
2023-04-04 08:00:00+00:00,9,GBP_AUD,LONG,1.8498,1.84051205636336,1.85827,1.86698,1.86698,96879.08,5,LONDON,2.0,0.003744236207894884,55.237238294638146,72.37892202420971,1.8372886597721643,1.8377898647186126,13.499999999999623,False,0.002540964135507997,92.4095789454962,122.71340227835825,0.7206703910614768,8,1,london_breakout_long,1.86698,TP3,2023-04-05 09:00:00+00:00,128.25001773344647,1242.4743727999978,1500,True,Tuesday,70+,40+,122.71340227835825,100+,0.7+,2023
2023-04-06 08:00:00+00:00,9,GBP_AUD,LONG,1.86133,1.85468,1.8673899999999999,1.8736899999999999,1.8736899999999999,137177.78,5,LONDON,2.0,0.0027610792399099136,24.14492633775768,64.31737986630446,1.8533554602229598,1.8444627001109002,9.666666666665602,False,0.00023995163541933083,50.0096194907917,77.34539777040084,0.7774193548386755,8,3,london_breakout_long,1.86443,TIME,2023-04-10 00:00:00+00:00,31.000000000001023,425.25111800001406,5280,True,Thursday,60-70,20-25,77.34539777040084,60-100,0.7+,2023
2023-04-17 07:00:00+00:00,9,GBP_AUD,LONG,1.85168,1.84762,1.8549499999999999,1.8585199999999997,1.8585199999999997,225735.15,3,ASIAN,2.0,0.0023603881081351854,13.498843826711205,54.755254449351604,1.8513742093830132,1.8545936995696926,29.22883345518157,False,0.00018394943590326927,71.54956839287685,0.05790616986800501,0.6909090909090879,7,0,london_breakout_long,1.84762,SL,2023-04-17 08:00:00+00:00,-40.599999999999525,-916.4847089999893,60,False,Monday,50-60,<20,0.05790616986800501,0-20,0.5-0.7,2023
2023-04-25 08:00:00+00:00,9,GBP_AUD,LONG,1.87155,1.8650421271467714,1.87749,1.8836700000000002,1.8836700000000002,139418.81,5,LONDON,2.0,0.0025287813454848876,37.33178157794148,74.12172205021234,1.8620163389779507,1.8552622661873193,-5.166666666664987,False,0.0002596857809977391,67.4340064949768,92.93661022049315,0.0,8,1,london_breakout_long,1.8836700000000002,TP3,2023-04-26 07:00:00+00:00,90.3000086932325,1258.951975500013,1380,True,Tuesday,70+,30-40,92.93661022049315,60-100,<0.3,2023
2023-05-03 07:00:00+00:00,9,GBP_AUD,LONG,1.8782999999999999,1.871082819769688,1.8835,1.889,1.889,127461.05,5,ASIAN,2.0,0.0028670955141158706,26.96310823812833,64.0800463392859,1.8758752132198175,1.8749388303622339,98.57499754013065,False,0.0012892010951043404,89.46659503673884,21.247867801823528,0.5971223021582439,7,2,london_breakout_long,1.889,TP3,2023-05-03 22:00:00+00:00,79.50000839472261,1013.3154545000158,900,True,Wednesday,60-70,25-30,21.247867801823528,20-40,0.5-0.7,2023
2023-05-10 07:00:00+00:00,9,GBP_AUD,LONG,1.86784,1.86454,1.8703999999999998,1.8732599999999997,1.8732599999999997,281831.07,4,ASIAN,2.0,0.001955826762871201,20.63290760058278,58.169898247105564,1.8660745578979272,1.8711106040026713,14.751036571554188,False,-6.7875243250963e-05,55.46120546120452,14.654421020727781,0.7942386831275163,7,2,london_breakout_long,1.86454,SL,2023-05-10 12:00:00+00:00,-32.99999999999858,-930.0425309999601,300,False,Wednesday,50-60,20-25,14.654421020727781,0-20,0.7+,2023
2023-05-17 08:00:00+00:00,9,GBP_AUD,SHORT,1.87159,1.8780006839287866,1.86623,1.86063,1.86063,143626.19,3,LONDON,2.0,0.0024441111735492723,19.612465198384278,43.29175024103829,1.8730071041928067,1.870988896928719,-5.699999999999594,False,-0.0004181799868938279,30.534374790703385,-11.771041928065884,0.8215962441314304,8,2,london_breakout_short,1.8780006839287866,SL,2023-05-18 01:00:00+00:00,-64.1068392878652,-920.7421079858392,1020,False,Wednesday,40-50,<20,11.771041928065884,0-20,0.7+,2023
2023-05-23 07:00:00+00:00,9,GBP_AUD,LONG,1.87234,1.8662435126657064,1.87696,1.88188,1.88188,149518.02,4,ASIAN,2.0,0.0024086952955947013,32.19388290498771,56.443377000277884,1.8710330541205404,1.8715481407543675,6.744573270276444,False,0.0002199619096612367,75.9459993728613,10.069458794594865,0.47486033519555154,7,1,london_breakout_long,1.88188,TP3,2023-05-24 02:00:00+00:00,70.80000638050268,1058.5876770000127,1140,True,Tuesday,50-60,30-40,10.069458794594865,0-20,0.3-0.5,2023
2023-05-25 08:00:00+00:00,9,GBP_AUD,LONG,1.89388,1.88877,1.89729,1.9009399999999999,1.9009399999999999,180454.12,5,LONDON,2.0,0.002496204732754208,27.640572256220842,67.19279404105967,1.8850510668785292,1.8767614959541643,4.333333333332856,False,-0.00021962338390203642,65.6645952845588,85.88933121470798,0.6428571428571564,8,3,london_breakout_long,1.89388,TP1+SL,2023-05-25 16:00:00+00:00,17.049999999999567,307.67427459999215,480,True,Thursday,60-70,25-30,85.88933121470798,60-100,0.5-0.7,2023
2023-06-08 07:00:00+00:00,9,GBP_AUD,SHORT,1.86406,1.87018,1.8601100000000002,1.8558600000000003,1.8558600000000003,151176.03,5,ASIAN,2.0,0.002726301862473766,28.709070974815628,43.17182640134819,1.8679165747214572,1.8801644713997616,-13.684703652070418,False,-0.0003145181398653816,34.49575651155945,-35.56574721457206,0.6980728051392022,7,3,london_breakout_short,1.87018,SL,2023-06-08 15:00:00+00:00,-61.19999999999903,-925.1973035999854,480,False,Thursday,40-50,25-30,35.56574721457206,20-40,0.5-0.7,2023
2023-06-09 07:00:00+00:00,9,GBP_AUD,SHORT,1.86637,1.8722467757772083,1.86156,1.8564500000000002,1.8564500000000002,155858.48,5,ASIAN,2.0,0.0023649452886773496,25.92760722566033,41.356654762247985,1.868938453854323,1.8778277506769543,-15.83686341758872,False,-0.0003199651475743973,15.988410508751835,-22.684538543229493,0.8175182481752223,7,4,london_breakout_short,1.8564500000000002,TP3,2023-06-12 12:00:00+00:00,73.65000636474788,1147.8978043999932,4620,True,Friday,40-50,25-30,22.684538543229493,20-40,0.7+,2023
2023-07-05 08:00:00+00:00,9,GBP_AUD,LONG,1.9055,1.8997821235780596,1.9105299999999998,1.9157999999999997,1.9157999999999997,162197.34,5,LONDON,2.0,0.002406782671006423,23.56451269105002,63.25094133370591,1.9019710836507884,1.900272622304027,12.83333333333081,False,0.0005993822138598271,75.16453992993986,32.88916349211579,0.593090211132452,8,2,london_breakout_long,1.9055,TP1+SL,2023-07-06 06:00:00+00:00,25.14999999999934,407.9263100999893,1320,True,Wednesday,60-70,20-25,32.88916349211579,20-40,0.5-0.7,2023
2023-07-07 08:00:00+00:00,9,GBP_AUD,SHORT,1.91743,1.92367,1.91259,1.90751,1.90751,149279.42,3,LONDON,2.0,0.002602854997623088,18.910235731709026,49.58106166845849,1.9143365339870564,1.9055908545855647,-10.733333333332595,False,-0.0008754623309846512,36.420726663182066,33.334660129435974,0.6181818181818157,8,4,london_breakout_short,1.92367,SL,2023-07-07 12:00:00+00:00,-62.40000000000023,-931.5035808000035,240,False,Friday,40-50,<20,33.334660129435974,20-40,0.5-0.7,2023
2023-07-18 07:00:00+00:00,9,GBP_AUD,LONG,1.92317,1.9162028910443107,1.9286400000000001,1.9344100000000002,1.9344100000000002,132363.16,4,ASIAN,2.0,0.0029384976121131934,18.52605439252408,62.63829142132786,1.9170137766831483,1.9152965645284,35.85870581203743,False,9.446138346336534e-05,68.13448786998826,58.56223316851761,0.8114374034003086,7,1,london_breakout_long,1.9162028910443107,SL,2023-07-18 14:00:00+00:00,-69.67108955689305,-922.1885574393365,420,False,Tuesday,60-70,<20,58.56223316851761,40-60,0.7+,2023
2023-07-21 07:00:00+00:00,9,GBP_AUD,LONG,1.90476,1.89894,1.90936,1.9142599999999999,1.9142599999999999,156867.12,4,ASIAN,2.0,0.0030365456814708362,41.806461697840945,62.96464254600213,1.9016022584971852,1.9096274011302374,92.24574020282982,False,0.0010118093428562749,54.224757812497636,28.577415028148145,0.7125506072874509,7,4,london_breakout_long,1.90476,TP1+SL,2023-07-24 08:00:00+00:00,22.999999999999687,360.7943759999951,4380,True,Friday,60-70,40+,28.577415028148145,20-40,0.7+,2023
2023-07-24 08:00:00+00:00,9,GBP_AUD,SHORT,1.90372,1.9103116517744034,1.89925,1.8945400000000001,1.8945400000000001,139050.82,5,LONDON,2.0,0.0028863278019212123,33.872635987825845,39.54311831661328,1.9062128891948176,1.909409227119079,-6.999999999997009,False,-0.0008226588919223905,30.87633694795063,-22.528891948174756,0.5433604336043032,8,0,london_breakout_short,1.90372,TP1+SL,2023-07-25 00:00:00+00:00,22.349999999999866,310.7785826999982,960,True,Monday,30-40,30-40,22.528891948174756,20-40,0.5-0.7,2023
2023-08-23 09:00:00+00:00,9,GBP_AUD,SHORT,1.96832,1.9769340856582875,1.9603800000000002,1.9522000000000004,1.9522000000000004,106764.95,5,LONDON,2.0,0.0033975175302210954,35.54493322737665,28.721820356951724,1.9825818040211565,1.9746353079522043,-36.070368076843714,False,-0.0008011920375182594,6.934332287890008,-140.21804021156382,0.7487562189054369,9,2,london_breakout_short,1.96043,TP1+TIME,2023-08-25 01:00:00+00:00,79.15000000000005,845.0445792500005,2400,True,Wednesday,<30,30-40,140.21804021156382,100+,0.7+,2023
